code,name,price,open,change_pct,volume,market_cap,market
1240,茂生農經,59.5,59.5,0.34,9025,2631814472,OTC
1259,安心,62.0,61.6,0.81,14002,2008149000,OTC
1264,德麥,284.5,283.5,0.35,23100,10541398696,OTC
1268,漢來美食,161.0,160.0,-0.31,38015,6798020530,OTC
1336,台翰,15.55,15.6,0.0,66065,1206904230,OTC
1565,精華,112.0,113.5,-1.32,164024,5646649792,OTC
1569,濱川,50.4,51.2,-1.37,645239,7270071296,OTC
1570,力肯,31.8,31.65,0.0,169001,1637731760,OTC
1580,新麥,129.5,129.5,0.0,47061,6389431839,OTC
1584,精剛,23.6,23.55,0.21,679513,5308879888,OTC
1586,和勤,24.7,25.0,-0.2,251024,2501998112,OTC
1591,駿吉-KY,50.5,50.9,-0.59,190002,1921426424,OTC
1593,祺驊,29.1,29.25,-0.51,5050,1157743515,OTC
1595,川寶,39.95,41.05,-2.68,178001,2154064091,OTC
1599,宏佳騰,26.05,25.65,-0.76,22302,1876355395,OTC
1742,台蠟,16.6,16.35,1.84,261112,1538343615,OTC
1777,生泰,71.1,71.1,-0.14,68000,3170491131,OTC
1781,合世,12.4,12.45,-1.59,71003,587854221,OTC
1784,訊聯,91.4,95.3,-4.19,428519,4597968476,OTC
1785,光洋科,60.1,61.0,-0.5,3553746,35819733954,OTC
1788,杏昌,136.5,136.0,0.37,14008,6077116500,OTC
1796,金穎生技,43.75,43.6,0.34,8000,1813875000,OTC
1799,易威,32.75,32.65,2.34,183000,4083597500,OTC
1813,寶利徠,13.4,13.25,1.13,37100,624908982,OTC
1815,富喬,96.6,89.5,9.9,79217041,56054253448,OTC
2035,唐榮,28.05,28.05,-1.23,1002,9817499732,OTC
2061,風青,18.2,18.1,0.83,113001,1044280590,OTC
2063,世鎧,26.75,26.85,-0.37,19000,1286660367,OTC
2064,晉椿,12.2,12.1,2.95,30000,845825986,OTC
2065,世豐,31.65,32.0,-1.09,78003,2032434444,OTC
2066,世德,53.2,50.8,5.77,61125,2350882870,OTC
2067,嘉鋼,10.6,10.35,0.95,109000,478462817,OTC
2070,精湛,39.5,39.8,-0.75,66026,1454393318,OTC
2073,雄順,25.55,25.55,0.0,1000,702624979,OTC
2221,大甲,30.35,30.5,1.0,31000,1284563766,OTC
2230,泰茂,55.8,55.8,-10.0,103312,3796073948,OTC
2235,謚源,35.95,35.95,0.0,0,1289814127,OTC
2596,綠意,33.4,32.7,0.3,184060,3340000152,OTC
2640,大車隊,124.0,125.0,0.0,58157,7348860000,OTC
2641,正德,19.65,19.4,1.55,1991804,6426001825,OTC
2643,捷迅,73.2,72.2,0.97,17017,2561999893,OTC
2718,晶悅,48.4,48.35,0.31,20010,4220334933,OTC
2719,燦星旅,28.35,28.9,-1.9,34000,1955271176,OTC
2724,藝舍-KY,20.0,20.0,0.0,0,1193126920,OTC
2726,雅茗-KY,12.1,12.15,0.0,107000,456042419,OTC
2729,瓦城,171.5,171.0,0.0,13147,7311693784,OTC
2732,六角,66.2,66.5,-0.45,28085,2958846597,OTC
2734,易飛網,17.8,18.5,-0.28,174021,1019223684,OTC
2736,富野,13.9,13.85,0.0,251040,1111613966,OTC
2740,天蔥,42.25,44.4,-5.48,19047,604260176,OTC
2743,山富,78.7,78.3,0.13,283300,3684356884,OTC
2745,五福,105.5,104.5,0.48,127001,3566849500,OTC
2752,豆府,208.5,209.5,-0.48,12055,5565670227,OTC
2754,亞洲藏壽司,77.9,78.5,0.52,10020,3650939371,OTC
2755,揚秦,116.0,116.0,0.0,18100,4292698320,OTC
2756,聯發國際,81.0,80.9,0.12,37000,1991918385,OTC
2916,滿心,45.9,45.9,0.0,56098,2966373844,OTC
2924,宏太-KY,19.75,19.75,-0.25,1250,1027709696,OTC
2926,誠品生活,37.55,38.0,-2.21,17000,1779494463,OTC
2937,集雅社,44.45,41.2,1.02,11729,1935440866,OTC
2941,米斯特,42.85,42.85,-1.72,2000,659461476,OTC
2947,振宇五金,80.3,81.7,-0.74,20001,1726085503,OTC
2948,寶陞,39.9,38.35,4.18,8003,1236900047,OTC
2949,欣新網,64.4,64.4,0.0,0,1941086885,OTC
3064,泰偉,48.75,48.75,0.93,1000,634310625,OTC
3066,李洲,15.1,15.1,0.0,70000,1254357031,OTC
3067,全域,18.5,18.15,2.49,2000,370000000,OTC
3071,協禧,23.0,23.25,-0.65,145030,2530000000,OTC
3073,天方能源,30.75,33.6,-5.53,642400,1312161232,OTC
3078,僑威,61.4,62.7,-1.29,1534700,13961811676,OTC
3081,聯亞,1085.0,1130.0,-3.12,387715,100385694045,OTC
3083,網龍,31.0,31.95,-3.58,383453,2681066000,OTC
3085,新零售,13.05,13.05,0.0,1000,900701734,OTC
3086,華義,227.0,238.0,-4.62,221844,6190528804,OTC
3088,艾訊,81.1,82.1,-1.7,318602,8741363335,OTC
3093,港建*,26.1,26.45,0.0,91000,3788571655,OTC
3095,及成,31.25,31.2,-0.64,28812,312500000,OTC
3105,穩懋,246.0,255.5,-3.72,31460581,104289334710,OTC
3114,好德,25.65,25.35,0.79,79008,1652624165,OTC
3115,富榮綱,10.0,10.05,-2.44,43003,726976160,OTC
3118,進階,32.85,32.85,0.0,12004,1066077715,OTC
3122,笙泉,25.35,26.0,-2.31,174074,1033388380,OTC
3128,昇銳,26.05,26.15,-0.76,134196,1232607813,OTC
3131,弘塑,1530.0,1530.0,-0.65,358115,43935480000,OTC
3141,晶宏,44.9,46.25,-1.1,226000,3339964200,OTC
3147,大綜,170.0,182.0,-5.29,1422492,7426761270,OTC
3152,璟德,144.0,142.0,1.77,265000,9938332800,OTC
3162,精確,59.9,59.2,1.87,1107053,8159392218,OTC
3163,波若威,589.0,565.0,3.88,1410227,47438649000,OTC
3169,亞信,94.6,95.1,-1.66,111255,5969920306,OTC
3171,新洲,49.4,49.75,0.71,41313,1636037055,OTC
3176,基亞,31.7,32.2,-1.4,585005,4416032006,OTC
3178,公準,54.0,55.0,-1.82,105000,2432700000,OTC
3188,鑫龍騰,30.4,30.0,1.33,416140,5663823928,OTC
3191,雲嘉南,15.25,15.7,-1.93,27545,664860060,OTC
3205,佰研,50.2,49.45,4.58,240002,3390809251,OTC
3206,志豐,31.8,32.0,0.0,19002,1873560555,OTC
3207,耀勝,62.1,63.0,-2.36,777051,4002265227,OTC
3211,順達,280.0,281.0,0.0,2704827,43258460000,OTC
3213,茂訊,96.7,97.0,-0.41,215002,5674887670,OTC
3217,優群,154.0,153.0,0.65,638191,13876047416,OTC
3218,大學光,135.5,140.5,-4.24,708746,11480223814,OTC
3219,倚強科,68.3,69.0,-0.73,2102911,4869577121,OTC
3221,台嘉碩,26.5,26.7,-0.93,1584302,2752345915,OTC
3224,三顧,43.65,44.0,-0.11,23001,3410490248,OTC
3226,至寶電,51.7,53.2,-0.58,17000,3331082749,OTC
3227,原相,191.0,193.5,-1.29,1223013,28757500148,OTC
3228,金麗科,126.0,125.0,-0.79,287044,9010448370,OTC
3230,錦明,42.05,37.6,9.65,5866571,3558098530,OTC
3232,昱捷,23.0,23.3,3.6,73001,1071060918,OTC
3234,光環,76.4,76.0,0.53,6036699,8516666638,OTC
3236,千如,28.6,28.3,1.6,945131,3003017543,OTC
3252,海灣,20.15,18.35,9.81,310330,1011445350,OTC
3259,鑫創,17.85,18.05,-1.11,105000,1302441949,OTC
3260,威剛,294.0,294.5,-1.01,10185055,93486428112,OTC
3264,欣銓,152.5,158.5,-4.69,9604808,72272800000,OTC
3265,台星科,135.0,136.0,-1.82,1275723,18395370000,OTC
3268,海德威,15.75,15.65,-1.25,77019,546855750,OTC
3272,東碩,19.05,18.9,0.26,20000,1141129034,OTC
3276,宇環,14.1,14.1,0.0,37004,982949096,OTC
3284,太普高,20.6,20.55,0.49,157001,2256659424,OTC
3285,微端,29.8,29.8,0.0,57018,1273502967,OTC
3287,廣寰科,29.3,29.5,-1.35,40099,1288320966,OTC
3288,點晶,15.7,16.0,-2.18,17001,251199996,OTC
3289,宜特,123.5,127.5,-3.89,2669272,10653038493,OTC
3290,東浦,47.7,47.35,-2.15,1268100,4303257190,OTC
3293,鈊象,682.0,690.0,-0.44,1520714,192188663920,OTC
3294,英濟,35.75,35.85,-0.28,897026,4719572000,OTC
3297,杭特,37.05,36.85,0.54,112479,1335630242,OTC
3303,岱稜,46.0,46.2,0.22,147183,4302702000,OTC
3306,鼎天,47.5,46.7,1.82,180033,2403865750,OTC
3310,佳穎,71.5,72.4,-1.11,11278,4490364450,OTC
3313,斐成,12.95,12.9,0.39,139246,2863683082,OTC
3317,尼克森,47.95,47.65,0.74,551994,4315500068,OTC
3322,建舜電,15.55,15.55,1.63,397064,1890600123,OTC
3323,加百裕,37.55,37.9,-0.92,1440502,3528025761,OTC
3324,雙鴻,1065.0,1065.0,-1.39,3018456,97546031670,OTC
3325,旭品,14.55,14.5,0.0,394005,1602953296,OTC
3332,幸康,62.0,63.7,-2.36,105194,2982460400,OTC
3339,泰谷,27.2,27.45,-0.91,311132,1722040208,OTC
3349,寶德,29.0,29.2,0.69,556080,1336059000,OTC
3354,律勝,24.25,23.75,2.54,1377100,1700216000,OTC
3357,臺慶科,150.5,151.0,1.01,887578,15356249590,OTC
3360,尚立,16.05,15.2,5.59,5927642,1226252041,OTC
3362,先進光,102.0,101.5,1.49,422159,14529438450,OTC
3363,上詮,456.0,452.0,0.44,4377966,47955567408,OTC
3372,典範,21.7,20.4,6.37,1828002,3804530933,OTC
3373,熱映,17.75,17.8,-0.84,128408,845233398,OTC
3374,精材,176.0,167.0,7.65,11462061,47760119616,OTC
3379,彬台,41.9,41.0,-4.45,465002,1593959858,OTC
3388,崇越電,62.1,62.0,0.32,117185,4599250086,OTC
3390,旭軟,23.5,23.45,-1.05,822003,1855513000,OTC
3402,漢科,124.5,123.0,1.22,299050,9094476000,OTC
3426,台興,47.1,47.5,0.0,280000,1243439959,OTC
3430,奇鈦科,67.0,63.8,3.24,700202,2258972000,OTC
3434,哲固,29.35,29.7,-1.68,199645,1049407737,OTC
3438,類比科,46.0,47.45,-0.86,88000,2169627536,OTC
3441,聯一光,34.05,34.6,-2.71,143039,1363361969,OTC
3444,利機,62.3,61.9,-2.66,135000,2803313065,OTC
3455,由田,104.0,105.0,-7.14,1895920,6224504000,OTC
3465,進泰電子,46.9,45.95,-0.11,14000,1656970628,OTC
3466,德晉,37.15,37.2,-1.2,330052,2893690630,OTC
3479,安勤,89.4,90.0,-0.33,130002,6486342372,OTC
3483,力致,84.6,86.3,-1.86,325806,8294966992,OTC
3484,崧騰,48.75,48.8,-0.1,157227,3839891250,OTC
3489,森寶,20.05,20.2,0.25,44000,1813565638,OTC
3490,單井,23.7,23.5,0.42,164683,1303654091,OTC
3491,昇達科,1400.0,1335.0,7.28,472878,94497835600,OTC
3492,長盛,23.5,23.6,-0.21,92000,834992600,OTC
3498,陽程,47.35,48.05,-2.27,641047,2860461136,OTC
3499,環天科,16.65,17.1,-5.13,616102,915260419,OTC
3508,位速,35.0,32.9,5.58,1340896,3613249500,OTC
3511,矽瑪,19.85,19.8,0.76,123150,1587463008,OTC
3512,皇龍,20.3,20.25,0.5,45000,2295369085,OTC
3516,亞帝歐,19.85,20.15,-0.5,60084,1182283391,OTC
3520,華盈,15.2,15.35,-0.98,228008,1046471346,OTC
3521,鴻翊,15.7,15.65,0.32,162015,2288519154,OTC
3522,御頂,15.1,15.35,-1.31,166000,1268267303,OTC
3523,迎輝,17.8,17.8,0.0,0,1143790001,OTC
3526,凡甲,285.5,293.0,-0.35,1320616,18611174000,OTC
3527,聚積,57.2,57.2,1.42,158004,2542261183,OTC
3529,力旺,1985.0,1820.0,9.97,2045814,148253695000,OTC
3531,先益,20.95,21.05,-0.48,17000,1281616296,OTC
3537,堡達,45.25,45.9,-0.98,176155,2544994799,OTC
3540,曜越,29.75,30.1,-1.16,182302,2155641803,OTC
3541,西柏,26.2,26.05,0.38,56030,1460155962,OTC
3546,宇峻,68.0,71.5,-7.48,1790256,3973057964,OTC
3548,兆利,81.0,82.1,-1.34,342407,5487235488,OTC
3551,世禾,175.5,176.5,-1.68,465989,10834824195,OTC
3552,同致,51.9,52.0,-0.57,116093,5081964694,OTC
3555,博士旺,121.0,113.5,10.0,444263,4839854558,OTC
3556,禾瑞亞,42.95,45.8,-4.13,386164,2736039603,OTC
3558,神準,126.5,127.5,-1.56,163000,7471201446,OTC
3564,其陽,44.95,44.9,0.0,66000,2657578895,OTC
3567,逸昌,27.3,27.15,0.37,79002,926944174,OTC
3570,大塚,183.5,189.0,6.69,446012,3137299500,OTC
3577,泓格,64.4,66.0,-1.68,242000,4119388215,OTC
3580,友威科,65.8,65.5,0.46,325102,2595458616,OTC
3581,博磊,72.2,64.1,9.89,1757011,3682633044,OTC
3587,閎康,207.5,204.5,1.47,733896,13910433555,OTC
3594,磐儀,37.35,36.9,1.08,242378,3562442854,OTC
3597,映興,25.1,25.05,-1.18,72100,978849814,OTC
3609,三一東林,35.0,35.75,-1.55,277000,1339428545,OTC
3611,鼎翰,192.0,192.0,-0.52,38001,9117120000,OTC
3615,安可,25.8,25.7,0.19,1456730,1766448547,OTC
3623,富晶通,24.3,23.45,-2.21,193100,709219777,OTC
3624,光頡,52.7,53.6,-1.68,682901,6183870789,OTC
3625,西勝,18.75,18.75,0.0,288001,2037431250,OTC
3628,盈正,63.1,62.5,0.16,110009,2839499931,OTC
3629,地心引力,19.8,20.0,0.0,3000,652504678,OTC
3630,新鉅科,32.4,32.6,-1.22,966011,6615816186,OTC
3631,晟楠,28.5,28.65,0.35,203000,2331895906,OTC
3632,研勤,9.19,9.2,0.0,9013,375769892,OTC
3646,艾恩特,25.0,25.0,0.0,15003,982425000,OTC
3663,鑫科,68.5,68.3,7.37,10614430,7431839000,OTC
3664,安瑞-KY,13.95,14.05,-0.71,33001,905475055,OTC
3666,光耀,27.55,27.05,0.36,74039,2445200182,OTC
3672,康聯訊,11.85,11.6,-2.07,25002,483365971,OTC
3675,德微,146.5,150.0,0.0,252006,7772985866,OTC
3680,家登,392.5,405.0,-2.97,943057,37696092500,OTC
3684,榮昌,54.1,54.9,-4.25,274032,1623108154,OTC
3685,元創精密,37.2,37.2,0.13,380003,2960152860,OTC
3687,歐買尬,71.5,71.9,0.28,109202,2149290000,OTC
3689,湧德,110.5,113.5,-2.21,2232738,9510522840,OTC
3691,碩禾,105.0,104.0,0.0,1217573,9647715000,OTC
3693,營邦,358.5,365.5,-3.11,967559,15412163799,OTC
3707,漢磊,52.5,54.0,-2.42,3276215,20119189335,OTC
3709,鑫聯大投控,62.0,61.6,0.81,1890057,7785305962,OTC
3710,連展投控,6.96,6.9,3.11,362163,1999266970,OTC
3713,新晶投控,19.45,18.75,1.3,237000,1713350567,OTC
4102,永日,20.15,20.45,-1.71,161251,853836083,OTC
4105,東洋,83.7,84.1,-0.48,630188,20812004241,OTC
4107,邦特,119.5,120.5,-0.42,57001,8281111000,OTC
4109,加捷生醫,13.7,13.75,-0.36,158548,1626692520,OTC
4111,濟生,29.8,30.0,0.0,145609,1782998024,OTC
4113,聯上,20.35,20.2,0.25,357992,4703661176,OTC
4114,健喬,32.4,32.4,0.0,603508,16400091411,OTC
4116,明基醫,41.9,42.0,-0.71,32000,1867315468,OTC
4120,友華,44.15,44.0,0.91,26000,3829884597,OTC
4121,優盛,17.7,17.05,2.91,309003,1464640459,OTC
4123,晟德,40.0,39.7,0.76,1096929,29518045920,OTC
4126,太醫,81.4,80.4,1.5,63131,5909640110,OTC
4127,天良,38.4,36.8,0.26,42003,1757184069,OTC
4128,中天,18.45,18.55,-0.54,1000687,10851747981,OTC
4129,聯合,109.0,110.0,-0.46,262001,10511600736,OTC
4130,健亞,32.0,32.6,-1.84,2219711,4376000000,OTC
4131,浩泰,39.1,38.75,0.51,56000,1544449939,OTC
4138,曜亞,59.3,59.4,-0.17,17001,2367848969,OTC
4139,馬光-KY,23.75,24.4,-2.66,31346,1068985410,OTC
4147,中裕,53.7,53.1,0.94,813311,14670947608,OTC
4153,鈺緯,33.55,34.1,-1.03,10000,1968311355,OTC
4154,樂威科-KY,13.25,13.1,-0.38,50000,463750000,OTC
4157,太景*-KY,12.2,12.1,0.83,1757000,8684363684,OTC
4160,訊聯基因,49.9,49.9,-0.6,41398,1331847607,OTC
4161,聿新科,27.0,26.05,4.65,124056,1614821535,OTC
4162,智擎,64.6,65.0,0.16,368039,9152333983,OTC
4163,鐿鈦,103.0,103.0,0.0,60010,5119500979,OTC
4167,松瑞藥,19.0,19.2,-1.04,1219386,5898438052,OTC
4168,醣聯,26.05,26.4,-1.88,341003,2883946780,OTC
4171,瑞基,20.5,20.45,-1.44,98376,1182901250,OTC
4173,久裕,21.4,21.5,-0.47,136253,1595883571,OTC
4174,浩鼎,44.05,45.1,-2.33,566808,5791880935,OTC
4175,杏一,57.9,58.0,-0.52,17010,2450501764,OTC
4183,福永生技,16.0,16.0,0.0,0,380800000,OTC
4188,安克,14.2,13.8,3.27,35015,899327167,OTC
4192,杏國,21.95,21.5,-0.23,15015,771871776,OTC
4198,欣大健康,35.8,37.45,1.99,15420,863066381,OTC
4205,中華食,77.9,77.9,0.0,26664,7606872829,OTC
4207,環泰,19.4,19.15,1.57,543983,3851637279,OTC
4303,信立,55.9,56.6,-0.18,505686,5288453184,OTC
4304,勝昱,29.9,30.0,-0.33,18000,1825038150,OTC
4305,世坤,42.9,42.6,0.82,10000,2360100683,OTC
4401,東隆興,16.0,16.4,-1.84,78020,1963072000,OTC
4402,福大,19.45,19.5,-0.51,34010,1322441145,OTC
4406,新昕纖,10.2,10.3,-0.97,22000,529502390,OTC
4413,飛寶企業,17.8,18.4,-2.73,34028,557406976,OTC
4416,三圓,27.7,27.1,-0.36,321000,1900607852,OTC
4417,金洲,52.6,53.0,2.14,165011,4416874471,OTC
4419,元勝,44.75,44.5,0.56,4000,7570050246,OTC
4420,光明,50.3,50.6,-0.59,46029,2034886469,OTC
4430,耀億,18.8,18.5,2.45,51100,1057943806,OTC
4432,銘旺實,16.15,16.25,-0.62,24000,817012330,OTC
4433,興采,21.95,21.85,0.46,51000,1326653085,OTC
4442,竣邦-KY,54.6,54.0,-1.09,26014,1664863153,OTC
4502,健信,15.8,15.9,0.0,52015,888492249,OTC
4503,金雨,38.45,38.45,0.26,138000,3011147444,OTC
4506,崇友,114.0,116.0,-1.3,104277,20179368000,OTC
4510,高鋒,45.55,45.95,-1.94,1097047,4923758733,OTC
4513,福裕,18.5,18.4,0.54,167052,2115697000,OTC
4523,永彰,31.35,31.35,10.0,610020,2036151174,OTC
4527,方土霖,41.05,41.1,0.24,35120,3126054771,OTC
4528,江興鍛,19.5,19.5,0.78,21081,1641231052,OTC
4529,淳紳,3.3,3.28,0.61,39000,279012016,OTC
4530,宏易,28.3,28.3,0.0,4015,866488386,OTC
4533,協易機,31.05,31.4,-0.64,1710046,4919375579,OTC
4534,慶騰,21.75,21.2,1.4,718999,1887659619,OTC
4535,至興,29.95,29.9,-0.17,34000,2266069170,OTC
4538,大詠城,18.25,18.1,1.96,42000,1084396750,OTC
4541,晟田,44.2,43.15,2.43,872503,2989997451,OTC
4542,科嶠,142.0,139.5,0.0,1270278,4589866000,OTC
4543,萬在,30.3,30.7,-1.3,197201,1811100644,OTC
4549,桓達,101.0,100.0,1.2,231130,5757246945,OTC
4550,長佳,26.7,26.9,0.95,36000,1010301328,OTC
4554,橙的,26.55,26.6,-0.38,48000,698994149,OTC
4556,旭然,27.3,28.15,-3.02,51040,1154867499,OTC
4558,寶緯,19.0,19.0,0.0,85000,950000000,OTC
4561,健椿,40.9,40.05,0.99,289101,2393533529,OTC
4563,百德,52.1,51.9,-2.62,336050,2862894916,OTC
4568,科際精密,42.65,42.65,2.4,1000,1350176429,OTC
4577,達航科技,59.2,59.8,-1.33,2567500,2908969578,OTC
4580,捷流閥業,82.0,81.5,1.36,59152,3837855020,OTC
4584,君帆,45.5,46.5,1.11,13000,1365091000,OTC
4609,唐鋒,5.75,5.75,0.0,0,275694215,OTC
4702,中美實,9.98,9.55,4.83,148086,721883306,OTC
4706,大恭,30.0,30.0,0.0,6052,2370900000,OTC
4707,磐亞,10.1,10.1,0.5,427195,4077524391,OTC
4711,永純,14.95,14.95,0.0,19164,912787188,OTC
4714,永捷,16.65,16.95,-0.3,1462113,2965165132,OTC
4716,大立,15.2,15.35,0.66,229546,1435293269,OTC
4721,美琪瑪,64.7,64.7,0.0,196108,4851593971,OTC
4726,永昕,32.45,33.05,-1.82,278093,6726979263,OTC
4728,雙美,389.5,393.5,-0.38,20000,21213338500,OTC
4729,熒茂,21.0,21.0,0.24,168050,1663761561,OTC
4735,豪展,31.75,32.75,-0.31,20044,1222557816,OTC
4741,泓瀚,21.65,21.6,0.23,32000,753691044,OTC
4743,合一,58.2,58.5,-0.17,1883700,27844218965,OTC
4744,皇將,31.75,32.35,-0.78,772272,1698857791,OTC
4745,合富-KY,21.45,21.65,-1.15,130000,1661302559,OTC
4747,強生,56.7,56.6,-0.35,2003,2547664109,OTC
4754,國碳科,38.6,38.4,0.65,11186,1168932052,OTC
4760,勤凱,174.0,171.5,1.75,521070,5611201242,OTC
4767,誠泰科技,24.9,25.1,1.63,9000,782233488,OTC
4768,晶呈科技,388.0,390.0,-3.48,1285599,18425332360,OTC
4804,大略-KY,5.89,6.0,-1.83,13009,424032870,OTC
4806,昇華,11.7,10.8,9.86,97399,1169380957,OTC
4903,聯光通,38.95,39.95,-3.11,1998793,4103137779,OTC
4905,台聯電,64.3,64.3,0.0,4000,1881382724,OTC
4907,富宇,42.5,41.2,3.16,47100,5021205000,OTC
4908,前鼎,79.2,75.1,10.0,2877610,6194786161,OTC
4909,新復興,52.1,53.0,0.0,562331,4863899557,OTC
4911,德英,38.45,38.0,1.18,31071,2450017438,OTC
4923,力士,32.7,32.2,1.87,32003,1070624184,OTC
4924,欣厚-KY,10.95,11.9,0.46,103000,406950172,OTC
4931,新盛力,139.0,139.5,-0.71,1335075,9120868779,OTC
4933,友輝,58.0,57.9,0.17,77000,4761278000,OTC
4939,亞電,33.1,32.5,1.85,2509144,3250448614,OTC
4946,辣椒,110.0,115.0,-5.58,121230,859204060,OTC
4950,牧東,16.95,16.6,1.5,13018,978508407,OTC
4951,精拓科,70.8,68.7,2.61,184019,2417678504,OTC
4953,緯軟,117.5,116.5,0.86,305202,8594772500,OTC
4966,譜瑞-KY,508.0,514.0,-1.36,1339655,39654012132,OTC
4971,IET-KY,401.0,401.0,0.12,600485,16034282943,OTC
4972,湯石照明,18.0,18.05,-0.28,22000,1023994566,OTC
4973,廣穎,45.85,43.6,4.44,2187358,2998261751,OTC
4974,亞泰,76.8,76.9,-0.9,458735,5568000221,OTC
4979,華星光,325.0,334.5,-2.55,14120857,45773000000,OTC
4987,科誠,80.6,80.6,0.0,131182,2569366751,OTC
4991,環宇-KY,269.0,259.0,2.67,1991742,31009278970,OTC
4995,晶達,39.85,39.95,0.0,25018,1689002335,OTC
5009,榮剛,34.7,34.0,2.97,4716884,19375793296,OTC
5011,久陽,12.3,11.95,4.24,338104,1238289259,OTC
5013,強新,29.85,29.7,2.93,14001,3982467650,OTC
5014,建錩,11.1,10.95,1.37,317003,2034242180,OTC
5015,華祺,28.4,28.25,-1.05,36003,1722152972,OTC
5016,松和,25.2,25.2,0.2,5100,1250476353,OTC
5201,凱衛,41.15,42.6,-0.6,91001,1591459849,OTC
5202,力新,14.5,14.75,-1.02,207002,1291863000,OTC
5205,中茂,26.4,27.15,-3.12,9370,356399994,OTC
5206,坤悅,29.85,30.0,-0.5,54007,5119797440,OTC
5209,新鼎,165.0,165.0,0.0,34152,4690455000,OTC
5210,寶碩,21.45,21.0,2.14,150003,1762713422,OTC
5211,蒙恬,24.45,23.45,4.26,19050,782986824,OTC
5212,凌網,52.0,49.8,-1.33,56020,1800916000,OTC
5213,亞昕,23.95,23.6,-1.64,636312,17241948656,OTC
5220,萬達光電,18.75,19.15,-2.09,125014,738075000,OTC
5223,安力-KY,28.35,28.05,-0.35,14000,1262992516,OTC
5227,立凱-KY,24.9,25.0,-0.8,158881,1693199974,OTC
5228,鈺鎧,21.35,21.7,-3.61,451000,812501037,OTC
5230,雷笛克光學,17.2,17.3,-0.86,106003,941626597,OTC
5236,凌陽創新,123.0,121.0,0.82,144194,7380496674,OTC
5245,智晶,27.0,27.8,0.0,174000,1169022834,OTC
5251,天鉞電,31.85,32.0,-0.47,63001,1074408070,OTC
5263,智崴,104.5,102.0,2.45,417017,7404661000,OTC
5272,笙科,19.9,19.75,0.25,76131,1099994727,OTC
5274,信驊,9725.0,9560.0,4.29,221373,367631111625,OTC
5276,達輝-KY,16.0,15.95,1.59,7000,632000000,OTC
5278,尚凡,28.1,28.1,-1.4,239000,8430000114,OTC
5287,數字,164.5,165.0,-0.6,339324,9921085475,OTC
5289,宜鼎,726.0,730.0,-3.97,3325555,69220627542,OTC
5291,邑昇,37.9,37.9,5.13,1132002,1511854066,OTC
5299,杰力,74.5,73.9,1.5,86015,3791229084,OTC
5301,寶得利,11.8,11.7,-2.88,3000,777505611,OTC
5302,太欣,11.4,11.15,-1.3,920300,1822727117,OTC
5309,系統電,64.7,65.4,-1.82,3758972,13126645035,OTC
5310,天剛,24.7,24.7,0.0,37000,714916822,OTC
5312,寶島科,98.9,99.2,0.2,25010,5939934091,OTC
5314,世紀,87.6,86.6,2.22,6051864,25579199554,OTC
5315,光聯,24.7,24.75,0.0,450406,2626894481,OTC
5321,美而快,27.9,28.45,-1.06,55080,1483728982,OTC
5324,士開,10.6,10.85,-0.93,91984,2399617486,OTC
5328,華容,24.4,24.05,5.86,6369577,4214141624,OTC
5340,建榮,99.8,95.3,4.83,24594711,19450418301,OTC
5344,立衛,14.25,14.15,-0.7,23000,1132119750,OTC
5345,天揚,22.4,22.0,-1.54,16764,846607985,OTC
5347,世界,126.0,125.0,1.2,12835586,242474715000,OTC
5348,正能量智能,17.25,17.35,0.29,6000,254884568,OTC
5351,鈺創,55.7,54.1,0.72,7836945,18135685250,OTC
5353,台林,24.8,24.35,0.4,57000,1872399942,OTC
5355,佳總,7.44,7.03,5.68,208004,1235955129,OTC
5356,協益,25.35,25.3,0.2,231561,2612064039,OTC
5364,力麗店,12.75,13.0,-0.39,116000,814086735,OTC
5371,中光電,83.7,82.1,1.09,4661339,33455589098,OTC
5381,合正,24.95,24.55,0.0,1790110,6100944794,OTC
5386,青雲,159.5,143.0,10.0,1908779,5754900360,OTC
5392,能率,43.05,43.2,-0.35,916338,7556732711,OTC
5398,慕康生醫,21.75,21.5,0.23,341016,1075873755,OTC
5403,中菲,111.0,110.5,0.91,96619,8678424000,OTC
5410,國眾,30.2,30.05,1.51,299837,2780094984,OTC
5425,台半,58.8,60.4,-2.65,2765821,14378093333,OTC
5426,振發,20.6,21.5,-0.72,2024001,2962280054,OTC
5432,新門,150.5,157.5,-2.27,74157,3113514502,OTC
5438,東友,21.2,21.2,-2.08,311002,2385775285,OTC
5439,高技,311.0,316.0,-0.16,9466267,28915458872,OTC
5443,均豪,84.0,85.0,-1.18,909210,13549338096,OTC
5450,南良,14.1,14.35,0.0,75000,1725885730,OTC
5452,佶優,28.8,28.6,0.7,948217,4246963087,OTC
5455,昇益,28.2,28.2,0.0,0,1847156449,OTC
5457,宣德,35.85,36.5,-2.98,807500,6358937610,OTC
5460,同協,15.4,15.55,-0.32,40002,905181177,OTC
5464,霖宏,26.15,26.1,0.19,183000,1858519462,OTC
5465,富驊,29.7,29.75,2.06,135005,4386174223,OTC
5468,凱鈺,17.0,17.25,-2.02,221259,1001689453,OTC
5474,聰泰,147.0,148.0,-0.68,77594,5844270768,OTC
5475,德宏,163.0,148.5,9.76,5453546,20721703771,OTC
5478,智冠,101.5,102.5,-1.46,149106,15207542000,OTC
5481,新華,22.95,21.7,4.08,196011,1523948900,OTC
5483,中美晶,113.5,118.0,-6.58,13148585,69708482388,OTC
5487,通泰,28.1,27.9,0.72,18000,680666309,OTC
5488,松普,9.91,9.81,-0.3,383001,907618474,OTC
5489,彩富,41.5,40.5,2.34,39051,4088909593,OTC
5490,同亨,25.35,25.45,0.0,127523,2361408330,OTC
5493,三聯,85.9,85.6,0.35,278102,3752907586,OTC
5498,凱崴,54.0,52.9,2.08,14806904,10437311430,OTC
5508,永信建,58.5,58.0,0.34,273262,12719543850,OTC
5511,德昌,66.7,67.5,-2.2,338200,7566447653,OTC
5512,力麒,7.82,7.92,-0.38,740020,5941784710,OTC
5514,三豐,15.45,16.0,-2.22,264000,3501602788,OTC
5516,雙喜,14.85,15.25,-2.94,26000,765446581,OTC
5520,力泰,88.3,88.1,0.23,5000,5295814404,OTC
5523,豐謙,30.5,30.4,0.0,55403,4727530500,OTC
5529,鉅陞,27.5,28.45,3.38,62102,2800530727,OTC
5530,龍巖,51.0,50.4,1.39,524478,21534264939,OTC
5536,聖暉*,638.0,620.0,3.24,1111027,79163633340,OTC
5543,桓鼎-KY,29.0,28.9,0.35,54000,1319024197,OTC
5548,安倉,23.6,23.55,0.21,56025,1365212822,OTC
5601,台聯櫃,37.0,37.0,0.0,0,2397600000,OTC
5603,陸海,17.7,17.65,1.14,109078,1856315900,OTC
5604,中連,39.15,39.7,-1.39,214278,4258853402,OTC
5609,中菲行,78.3,78.4,-0.13,78668,11020255629,OTC
5701,劍湖山,3.9,3.9,0.0,28010,557700013,OTC
5703,亞都,14.4,14.4,-1.37,1000,1011455973,OTC
5704,老爺知,22.25,22.3,-0.45,71220,1309671912,OTC
5864,致和證,22.95,23.0,-0.22,6075984,10430673747,OTC
5878,台名,41.5,41.5,-0.48,1000,1038496000,OTC
5902,德記,40.75,39.3,3.69,29000,3850875000,OTC
5903,全家,196.5,195.0,0.51,114300,43862730000,OTC
5904,寶雅,445.5,439.5,1.37,540410,47420802000,OTC
5905,南仁湖,8.91,8.98,-0.67,927447,2509260887,OTC
6015,宏遠證,13.5,13.35,1.12,4203887,5286352720,OTC
6016,康和證,16.4,16.3,0.61,7989290,11260170858,OTC
6020,大展證,19.2,19.1,0.0,14085,4845177792,OTC
6021,美好證,30.9,30.95,0.49,292000,9656743477,OTC
6023,元大期,95.1,94.6,0.11,40030,30429744595,OTC
6026,福邦證,13.8,13.8,0.0,1572055,5467033481,OTC
6101,寬魚國際,38.6,38.25,1.18,60000,4424270065,OTC
6103,合邦,34.95,34.95,0.0,0,475490985,OTC
6104,創惟,94.5,96.7,-1.15,922541,8612257500,OTC
6109,亞元,11.9,11.65,1.28,283003,807117474,OTC
6111,大宇資,42.85,43.5,-1.49,351591,4125642888,OTC
6113,亞矽,21.75,22.0,0.46,271300,1142950646,OTC
6114,久威,31.75,31.0,0.79,8000,1394206000,OTC
6118,建達,18.75,18.8,2.18,240050,1704187500,OTC
6121,新普,329.5,330.0,0.15,534112,60947786010,OTC
6122,擎邦,49.65,48.05,-3.97,1198350,3877249647,OTC
6123,上奇,44.0,43.75,0.46,105132,2661692000,OTC
6124,業強,28.0,28.1,0.18,23000,5109437200,OTC
6125,廣運,63.0,63.6,-1.1,1070098,16317702450,OTC
6126,信音,39.1,38.5,1.56,4891774,4949938870,OTC
6127,九豪,32.0,32.6,-4.19,3472216,3458560000,OTC
6129,普誠,15.1,15.5,-2.89,398003,2732249576,OTC
6130,上亞科技,39.5,37.35,6.61,494001,1749850000,OTC
6134,萬旭,29.95,29.2,-0.17,830034,2452365962,OTC
6138,茂達,235.5,235.0,-0.21,346619,17431003500,OTC
6140,訊達,22.55,21.9,2.97,165447,1237944401,OTC
6143,振曜,104.5,104.0,0.97,576434,8993154841,OTC
6144,得利影,17.6,17.35,0.28,13000,673617152,OTC
6146,耕興,178.5,181.0,-0.56,228188,18183295200,OTC
6147,頎邦,52.9,53.5,-1.12,3166133,39391115402,OTC
6148,驊宏資,33.6,34.15,-2.04,331085,1565886164,OTC
6150,撼訊,57.6,57.5,-0.69,281201,2784729526,OTC
6151,晉倫,30.65,30.25,4.07,952022,1693636223,OTC
6154,順發,13.75,13.4,2.23,45000,1101100000,OTC
6156,松上,21.1,20.8,4.2,781300,2276162773,OTC
6158,禾昌,20.8,20.85,0.97,27003,1142071548,OTC
6160,欣技,16.75,17.0,-1.47,239006,1147192760,OTC
6161,捷波,43.6,43.3,0.69,138194,2451953954,OTC
6163,華電網,51.5,51.2,-1.9,3925687,7314248102,OTC
6167,久正,11.8,11.5,0.0,180100,1550988520,OTC
6169,昱泉,17.75,17.9,-0.84,104063,415261250,OTC
6170,統振,49.0,49.1,-0.2,287812,4765741911,OTC
6171,大城地產,28.1,28.0,0.18,12066,2810000038,OTC
6173,信昌電,62.0,61.9,0.32,2537558,10614400000,OTC
6174,安碁,22.1,22.0,-0.67,40000,1105000019,OTC
6175,立敦,44.95,44.65,0.22,657030,6747975608,OTC
6179,亞通,26.9,27.35,-2.89,1025001,3425033036,OTC
6180,橘子,51.6,52.5,-1.71,490111,9055469492,OTC
6182,合晶,34.1,35.2,-3.81,9084809,19561066211,OTC
6185,幃翔,15.05,15.2,0.0,233665,2255513428,OTC
6186,新潤,45.15,45.0,0.33,313753,8800078347,OTC
6187,萬潤,391.0,383.0,2.09,1740874,37665271247,OTC
6188,廣明,99.3,100.0,-1.19,1466891,27641049549,OTC
6190,萬泰科,47.4,47.25,0.11,1774264,8606844877,OTC
6194,育富,32.75,32.7,0.92,56000,1572000000,OTC
6195,詩肯,25.35,25.45,-0.39,27010,1272392569,OTC
6198,瑞築,25.6,25.5,0.39,107100,4387849025,OTC
6199,天品,96.4,94.0,1.47,260005,5953665829,OTC
6203,海韻電,68.9,68.9,7.66,908150,5677454518,OTC
6204,艾華,71.9,72.2,1.55,589119,1661033835,OTC
6207,雷科,51.0,50.8,0.59,761799,4063680000,OTC
6208,日揚,44.8,45.2,-0.44,89725,4231912939,OTC
6210,慶生,20.35,20.35,0.0,23000,713226813,OTC
6212,理銘,36.15,36.15,-3.08,1825,3687300155,OTC
6217,中探針,64.1,64.5,0.16,9826459,7308490743,OTC
6218,豪勉,23.5,24.15,-2.89,337014,1510157000,OTC
6219,富旺,15.15,15.15,0.33,519088,1893251350,OTC
6220,岳豐,30.0,30.15,2.21,925140,4393890000,OTC
6221,晉泰,28.65,29.15,-0.52,246044,4830138016,OTC
6222,上揚,19.05,18.65,-0.26,62000,1344718091,OTC
6223,旺矽,2790.0,2805.0,0.18,764516,264857869440,OTC
6227,茂綸,84.8,86.1,1.07,346194,6454279769,OTC
6228,全譜,25.05,26.05,-3.84,17000,651298752,OTC
6229,研通,22.1,22.5,0.23,100007,891971485,OTC
6231,系微,188.0,189.0,-0.53,261214,8582610216,OTC
6233,旺玖,23.7,23.9,-0.42,259003,1872819019,OTC
6234,高僑,25.75,25.1,0.39,383029,2584949800,OTC
6236,中湛,23.4,23.4,-10.0,4000,974703584,OTC
6237,驊訊,37.85,38.25,-1.05,162164,3014563128,OTC
6240,松崗,18.6,18.65,1.64,33014,425326208,OTC
6241,易通展,12.35,12.1,1.23,46000,601445018,OTC
6242,立康,38.3,38.2,0.52,8440,1218208075,OTC
6244,茂迪,25.5,24.25,5.15,19147455,9869571000,OTC
6245,立端,63.0,60.7,-3.96,2329192,9236304000,OTC
6246,臺龍,12.9,12.4,1.98,29005,488277885,OTC
6248,沛波,21.9,22.0,-0.45,257002,2189039646,OTC
6259,百徽,17.95,18.0,-0.28,94787,480449720,OTC
6261,久元,72.5,71.9,0.28,394102,9316105000,OTC
6263,普萊德,121.5,120.0,1.25,46000,7593871500,OTC
6264,富裔,7.01,7.0,0.14,34000,955848581,OTC
6265,方土昶,37.7,37.75,-1.82,4680032,4455084490,OTC
6266,泰詠,28.7,28.7,0.7,128843,4416104274,OTC
6270,倍微,25.1,25.0,0.4,397003,1810864627,OTC
6274,台燿,532.0,534.0,0.0,5484333,150388420000,OTC
6275,元山,53.0,52.0,4.54,1332314,4200621000,OTC
6276,安鈦克,35.3,35.3,-0.14,12401,778117883,OTC
6279,胡連,113.0,111.0,0.89,404313,13448808000,OTC
6284,佳邦,81.5,81.9,-0.49,640003,11953632791,OTC
6290,良維,185.5,184.0,2.2,9473067,29999431000,OTC
6291,沛亨,276.5,260.0,9.94,3955849,14378000000,OTC
6292,迅德,40.7,40.35,0.62,19000,1896649054,OTC
6294,智基,44.45,44.95,0.57,28420,1157806060,OTC
6411,晶焱,80.3,81.4,2.69,851066,7848902036,OTC
6417,韋僑,108.5,107.5,0.46,20000,4586729000,OTC
6418,詠昇,34.3,34.85,-2.0,193000,1184104573,OTC
6419,京晨科,69.9,72.0,1.16,59001,919814120,OTC
6425,易發,66.0,67.3,-1.93,414187,3201330000,OTC
6432,今展科,31.15,31.15,0.16,132002,1037827932,OTC
6435,大中,130.5,129.0,1.16,517050,4888699650,OTC
6441,廣錠,21.15,21.7,-1.17,68037,1127675679,OTC
6461,益得,21.85,22.0,-0.23,297102,3580581412,OTC
6462,神盾,109.0,117.0,-3.54,1908120,9946332186,OTC
6465,威潤,31.9,31.25,-1.39,205000,1362014824,OTC
6469,大樹,90.5,91.4,-0.98,626153,13543053500,OTC
6470,宇智,53.6,53.5,0.0,485036,2020403702,OTC
6482,弘煜科,34.45,36.3,-1.71,22211,986457306,OTC
6485,點序,90.0,90.5,-2.07,868208,4072230000,OTC
6486,互動,78.7,79.2,-0.63,131101,4005278944,OTC
6488,環球晶,445.5,475.0,-9.36,7634064,212999664933,OTC
6492,生華科,51.5,51.7,-3.01,649552,4603358400,OTC
6494,九齊,41.9,43.1,0.6,621140,1322351059,OTC
6496,科懋,26.3,26.35,-0.75,2006,1229189139,OTC
6499,益安,95.0,93.5,2.48,678134,8849683010,OTC
6506,雙邦,15.7,15.45,1.95,104011,1293067684,OTC
6508,惠光,23.55,23.55,0.0,71000,2037993383,OTC
6509,聚和,37.7,35.3,9.91,4953267,7409683577,OTC
6510,精測,3980.0,3930.0,1.27,369165,130500220000,OTC
6512,啟發電,20.1,20.0,0.0,2000,507726009,OTC
6516,勤崴國際,63.8,63.5,0.0,55000,3562396474,OTC
6517,保勝光學,60.5,59.5,-3.51,667020,1850032767,OTC
6523,達爾膚,117.0,117.0,-0.43,11000,5270572125,OTC
6527,明達醫,74.0,74.0,0.41,10050,1875315400,OTC
6530,創威,66.6,65.8,3.42,5896353,2247749948,OTC
6532,瑞耘,53.3,53.7,-0.74,79011,1995826359,OTC
6535,順藥,179.0,179.0,0.28,125751,30154666854,OTC
6538,倉和,67.0,68.9,-2.47,102023,2550891000,OTC
6542,隆中,53.3,53.3,0.0,33000,2238631947,OTC
6546,正基,58.9,60.3,-1.01,329010,3937347302,OTC
6547,高端疫苗,35.8,35.85,-0.28,1085326,11769213949,OTC
6548,長科*,47.3,47.9,-1.46,3573720,43677976016,OTC
6556,勝品,67.2,66.7,0.0,9006,1931999912,OTC
6560,欣普羅,43.0,43.8,5.91,548153,1396412788,OTC
6561,是方,328.0,316.0,3.96,197010,25570345360,OTC
6568,宏觀,166.0,153.5,6.75,2835189,5117614000,OTC
6569,醫揚,98.5,100.5,-2.48,108199,3848395000,OTC
6570,維田,39.6,39.65,-1.74,77000,1469919114,OTC
6574,霈方,78.4,80.6,3.57,42200,1724016033,OTC
6576,逸達,84.6,85.7,-1.05,363237,13317204109,OTC
6577,勁豐,71.5,70.7,1.13,35506,4294290000,OTC
6578,達邦蛋白,19.15,19.25,0.26,42002,1377689272,OTC
6584,南俊國際,445.0,420.0,9.2,1555470,30990439020,OTC
6588,東典光電,92.6,90.0,9.98,1919019,3213296434,OTC
6590,普鴻,71.5,71.8,-0.28,13000,1784928717,OTC
6593,台灣銘板,39.5,38.95,0.89,195998,1181541222,OTC
6596,寬宏藝術,144.5,147.5,0.0,514350,5491000000,OTC
6603,富強鑫,24.1,24.45,-1.03,1670810,3992958844,OTC
6609,瀧澤科,39.25,39.05,-0.13,89000,2843898000,OTC
6612,奈米醫材,67.2,70.0,-8.07,486320,3192979899,OTC
6613,朋億*,184.0,183.5,0.27,146505,13747060072,OTC
6615,慧智,34.05,34.35,-0.87,54086,735255253,OTC
6616,特昇-KY,10.25,10.2,-0.97,40000,363659750,OTC
6624,萬年清,65.0,64.3,0.78,39000,1357200000,OTC
6629,泰金-KY,116.0,122.0,-2.93,222000,4444675256,OTC
6640,均華,744.0,752.0,-1.2,315239,20851716000,OTC
6642,富致,56.7,56.4,0.18,199499,2120557348,OTC
6643,M31,423.5,436.0,-3.75,1330278,17698556260,OTC
6649,台生材,40.55,40.15,-0.49,104001,1703099967,OTC
6651,全宇昕,99.3,99.1,0.3,277150,3435879405,OTC
6654,天正國際,93.8,90.9,3.19,76000,3495241373,OTC
6661,威健生技,18.6,19.1,-2.62,11793,433459021,OTC
6662,樂斯科,29.75,30.4,0.34,16000,761957000,OTC
6664,群翊,274.5,285.0,-4.85,1334139,16354161000,OTC
6667,信紘科,235.0,237.5,-2.08,322442,11580536330,OTC
6679,鈺太,191.0,191.0,0.0,290010,10177881176,OTC
6680,鑫創電子,64.5,64.5,0.0,5000,1539679500,OTC
6683,雍智科技,790.0,737.0,9.87,314216,21770157190,OTC
6684,安格,45.8,48.15,-4.68,169175,2040824882,OTC
6690,安碁資訊,162.0,161.0,0.31,18050,4859954640,OTC
6692,進能服,31.3,29.65,3.81,30021,1841187712,OTC
6693,廣閎科,85.9,84.9,0.7,302000,3869451468,OTC
6697,東捷資訊,44.6,43.3,3.12,64160,1218605758,OTC
6703,軒郁,106.0,104.5,0.47,65002,3469785768,OTC
6708,天擎,41.2,41.15,-2.6,30051,1177866821,OTC
6712,長聖,154.0,161.0,1.32,753752,13489938000,OTC
6716,應廣,73.2,72.9,9.91,2193012,2216299365,OTC
6721,信實,62.0,61.5,0.0,14000,1395000000,OTC
6727,亞泰金屬,193.5,186.0,6.91,2867122,5202054000,OTC
6728,上洋,134.0,135.0,-0.74,45158,4034740000,OTC
6732,昇佳電子,172.0,172.0,0.0,135043,8412864000,OTC
6733,博晟生醫,36.8,36.4,0.82,125000,4589086607,OTC
6735,美達科技,59.4,55.4,6.07,89091,2743228215,OTC
6741,91APP*-KY,65.6,65.4,0.31,295300,7511724428,OTC
6751,智聯服務,55.7,55.2,0.18,50000,1236540016,OTC
6752,叡揚,115.0,116.5,-1.29,66000,4271577020,OTC
6761,穩得,147.0,146.0,1.73,786008,5112939300,OTC
6762,達亞,161.5,172.5,-6.65,10016,5680229550,OTC
6763,綠界科技,51.9,52.2,-0.57,268081,9551631127,OTC
6767,台微醫,29.05,29.85,0.17,36015,1138284421,OTC
6785,昱展新藥,267.5,263.0,1.71,123031,17869000000,OTC
6788,華景電,300.0,301.5,-0.33,269521,11621905200,OTC
6791,虎門科技,101.0,103.0,-1.94,71011,2105547000,OTC
6803,崑鼎,300.0,297.0,0.0,48300,21795772500,OTC
6804,明係,16.8,16.75,0.3,154000,797999963,OTC
6811,宏碁資訊,209.0,210.5,-0.71,75036,8662841000,OTC
6821,聯寶,37.7,37.3,0.27,93000,1147138940,OTC
6823,濾能,59.2,60.1,-2.15,231237,1804444143,OTC
6829,千附精密,106.5,106.5,-0.93,140100,6301498500,OTC
6840,東研信超,60.8,60.7,-1.46,244050,1843055304,OTC
6841,長佳智能,65.6,66.0,-0.61,738038,6196444655,OTC
6843,進典,48.15,48.4,-2.33,9005,1603587650,OTC
6844,諾貝兒,64.0,64.0,-1.23,9000,2395420160,OTC
6846,綠茵,73.0,73.2,0.0,7000,1971687587,OTC
6855,數泓科,122.0,108.0,4.72,56040,2836465352,OTC
6856,鑫傳,56.8,54.8,0.0,11000,1601759978,OTC
6859,伯特光,109.5,108.0,2.34,68000,4540965000,OTC
6865,偉康科技,41.6,42.4,-5.13,27014,650214049,OTC
6870,騰雲,198.0,193.0,2.86,88020,4622864400,OTC
6874,倍力,67.3,70.8,-2.46,46001,1451122665,OTC
6875,國邑*,41.8,42.25,-1.07,120042,5395811588,OTC
6877,鏵友益,81.5,81.0,0.0,161300,3795210500,OTC
6894,衛司特,235.5,239.5,0.0,136000,5604900000,OTC
6895,宏碩系統,169.0,170.5,-0.88,63000,5762900000,OTC
6899,創為精密,51.5,51.3,-0.96,9000,2157772338,OTC
6904,伯鑫,125.0,124.0,0.81,8000,2312500000,OTC
6922,宸曜,164.0,162.0,0.61,97080,4453483140,OTC
6929,佑全,32.35,32.0,-1.37,6067,1451010656,OTC
6953,家碩,220.5,219.0,-0.68,38100,6618219300,OTC
7402,邑錡,122.0,121.5,2.52,657200,4297989362,OTC
7556,意德士,168.5,170.0,0.0,26064,4489998943,OTC
8024,佑華,13.0,13.3,0.39,28001,587080000,OTC
8027,鈦昇,89.1,92.0,-3.47,2824398,9294513920,OTC
8032,光菱,37.35,37.0,2.33,168223,1935103420,OTC
8034,榮群,23.6,23.75,1.72,570103,1327090655,OTC
8038,長園科,43.05,43.0,-1.49,891102,2681076031,OTC
8040,九暘,47.05,46.45,2.28,196001,4536278626,OTC
8042,金山電,56.0,55.7,1.27,1490393,7249902744,OTC
8043,蜜望實,69.0,69.3,-0.86,1404741,5513583000,OTC
8044,網家,27.9,27.75,1.82,521002,5703236063,OTC
8047,星雲,46.9,47.45,-1.26,55000,1954149533,OTC
8048,德勝,55.9,55.8,0.72,485248,3225751624,OTC
8049,晶采,26.5,26.45,0.0,101392,3134414700,OTC
8050,廣積,41.55,42.1,-1.66,347578,8275847202,OTC
8054,安國,120.5,125.0,-2.43,3170640,12745594203,OTC
8059,凱碩,18.85,18.85,-2.08,560094,3654506123,OTC
8064,東捷,45.7,45.5,-2.45,2480502,7532182725,OTC
8066,來思達,20.1,20.05,0.25,51003,597783438,OTC
8067,志旭,15.55,15.55,-0.64,2000,321885003,OTC
8068,全達,23.4,23.6,1.3,529000,1889924369,OTC
8069,元太,189.5,186.0,2.43,8836203,218092358630,OTC
8071,能率網通,17.25,17.45,-0.29,187380,1036453899,OTC
8074,鉅橡,61.2,59.2,3.55,4354925,4955670061,OTC
8076,伍豐,22.75,22.75,0.0,383596,6647859218,OTC
8077,洛碁,45.5,44.9,-0.66,6000,998529350,OTC
8080,印鉐,30.75,29.8,2.33,80213,2065287526,OTC
8083,瑞穎,176.0,176.5,0.28,55015,6183441968,OTC
8084,巨虹,53.1,53.0,0.19,106030,3691201258,OTC
8085,福華,17.35,17.4,-0.86,404258,2428705103,OTC
8086,宏捷科,111.0,116.0,-4.31,3229593,21813289653,OTC
8087,華鎂鑫,27.8,27.8,9.88,60000,1061552506,OTC
8088,品安,50.0,50.2,-4.21,3997937,3046100000,OTC
8089,康全電訊,25.75,26.25,-1.15,264752,1699480713,OTC
8091,翔名,132.5,134.0,-1.12,167100,6801637605,OTC
8092,建暐,14.15,14.25,0.35,68002,808988023,OTC
8093,保銳,19.25,19.25,0.0,20860,703925684,OTC
8096,擎亞,64.7,60.6,1.09,1851264,9662491644,OTC
8097,常珵,56.2,55.9,-0.18,145710,3501398805,OTC
8099,大世科,70.1,66.6,3.55,1296369,7015103057,OTC
8107,大億金茂,14.7,15.0,-2.0,94003,1102499985,OTC
8109,博大,106.5,106.5,0.0,235031,8750171634,OTC
8111,立碁,65.2,67.5,-3.26,2783844,7113450067,OTC
8121,越峰,26.2,26.85,-2.06,416030,5580436229,OTC
8147,正淩,129.0,128.0,0.0,842901,5299191000,OTC
8155,博智,208.0,213.0,-2.8,1038299,11599650400,OTC
8171,天宇,27.5,27.45,-0.72,112003,3066805500,OTC
8176,智捷,10.8,10.9,-1.82,159002,745988413,OTC
8182,加高,26.75,26.85,-0.37,63005,2863346750,OTC
8183,精星,32.7,32.9,-0.61,197300,3948557792,OTC
8227,巨有科技,136.5,139.5,-2.15,238136,5397619500,OTC
8234,新漢,69.6,67.5,2.2,779194,9829362235,OTC
8240,華宏,39.0,38.9,0.26,222031,3900172146,OTC
8255,朋程,124.0,126.5,-1.59,291341,12622828000,OTC
8277,商丞,8.95,9.01,-1.54,378943,820078046,OTC
8279,生展,121.0,122.0,-0.82,40122,3279221000,OTC
8284,三竹,63.0,63.0,0.16,10000,2919546000,OTC
8289,泰藝,27.2,27.35,-2.86,715367,1858684852,OTC
8291,尚茂,17.1,17.1,0.0,0,298881501,OTC
8299,群聯,1855.0,1795.0,1.64,5646629,386034775000,OTC
8342,益張,87.9,88.2,2.21,20000,2947875365,OTC
8349,恒耀,42.7,42.65,-0.93,133397,8916673512,OTC
8354,冠好,15.4,15.4,0.0,26010,1209396820,OTC
8358,金居,270.0,258.0,4.65,2937839,68172570000,OTC
8383,千附,40.6,40.6,-0.25,229107,4580045227,OTC
8390,金益鼎,103.5,107.5,-2.82,2643998,9948019248,OTC
8401,白紗科,28.85,28.9,0.0,73001,2038802321,OTC
8403,盛弘,23.35,23.4,-0.21,117091,3213902038,OTC
8409,商之器,20.7,20.8,2.22,7003,662400024,OTC
8410,森田,37.6,37.45,-0.13,5000,1375753864,OTC
8415,大國鋼,34.45,34.5,0.15,170123,34823783271,OTC
8416,實威,176.5,177.0,-0.28,11010,4979241500,OTC
8421,旭源,13.35,13.05,0.75,170000,714854339,OTC
8423,保綠-KY,18.75,18.55,1.08,10000,782138025,OTC
8424,惠普,73.1,73.1,0.0,6002,2635620444,OTC
8426,紅木-KY,27.45,27.7,-0.18,29000,1379170388,OTC
8431,匯鑽科,59.9,59.4,0.67,889597,2830594339,OTC
8432,東生華,56.0,56.2,-1.06,30005,2150288000,OTC
8433,弘帆,54.9,54.0,1.67,5000,2992384918,OTC
8435,鉅邁,55.3,55.1,0.36,27182,1753009975,OTC
8436,大江,137.5,138.5,-0.72,751888,15150139125,OTC
8437,大地-KY,15.65,15.5,0.97,64002,735769082,OTC
8440,綠電,25.1,24.7,-0.4,135123,1261407998,OTC
8444,綠河-KY,9.9,10.05,-1.49,50021,1088701433,OTC
8446,華研,94.3,94.1,0.21,34266,4989790361,OTC
8450,霹靂,17.0,16.95,0.0,43050,872268300,OTC
8455,大拓-KY,20.75,20.75,0.0,0,523294250,OTC
8472,夠麻吉,60.8,55.9,9.95,56000,1078336626,OTC
8477,創業家,12.5,12.55,0.81,44001,802132712,OTC
8489,三貝德,37.0,37.0,0.0,66020,2194059189,OTC
8905,裕國,39.35,39.15,1.29,440130,4537723774,OTC
8906,花王,34.95,34.0,2.79,42000,1473492032,OTC
8908,欣雄,41.8,41.8,0.0,95000,13141616375,OTC
8916,光隆,48.05,47.95,0.1,120002,7217636080,OTC
8917,欣泰,56.6,56.7,-1.91,2233,9206102951,OTC
8921,沈氏,18.15,18.25,1.68,3000,845647686,OTC
8923,時報,19.9,19.9,0.0,0,604482388,OTC
8924,大田,70.2,70.9,-0.43,109000,5882759744,OTC
8927,北基,24.0,24.0,1.05,625334,10267112808,OTC
8928,鉅明,25.35,25.35,0.0,19000,1289148919,OTC
8929,富堡,16.45,16.4,-1.2,23968,832055843,OTC
8930,青鋼,31.25,31.3,0.32,71000,2508981250,OTC
8931,大汽電,45.65,43.5,2.7,83000,5580934682,OTC
8932,智通,186.0,189.5,-1.85,814161,65868418824,OTC
8933,愛地雅,6.88,6.93,-0.72,776034,2247863255,OTC
8935,邦泰,21.25,21.6,-4.49,1282073,2411768750,OTC
8936,國統,50.9,50.8,0.39,1066226,12627170578,OTC
8937,合騏,145.5,142.5,2.83,220350,15595427394,OTC
8938,明安,67.7,67.2,0.15,543033,10272052836,OTC
8941,關中,46.4,46.4,0.0,3000,1622704194,OTC
8942,森鉅,37.3,37.2,-0.93,211315,7416815959,OTC
9949,琉園,26.4,26.4,-0.56,71100,1162480687,OTC
9950,萬國通,10.55,10.8,-2.31,90000,1769403831,OTC
9951,皇田,55.6,54.7,2.02,110002,4045455888,OTC
9960,邁達康,23.0,22.55,1.77,6000,772627500,OTC
9962,有益,11.6,11.5,1.31,27002,1046552034,OTC
1101,台泥,25.8,25.6,1.18,22932021,193324089883,LISTED
1102,亞泥,35.65,35.55,0.71,10549107,126434976361,LISTED
1103,嘉泥,14.05,13.95,0.72,311071,9255507875,LISTED
1104,環泥,29.5,29.45,0.17,1066608,20257113572,LISTED
1108,幸福,15.15,15.15,0.0,172003,6131781303,LISTED
1109,信大,15.45,15.35,0.65,213317,5270904939,LISTED
1110,東泥,16.4,16.45,-0.3,169000,9346146582,LISTED
1201,味全,14.45,14.5,-0.34,201123,7312610253,LISTED
1203,味王,40.1,39.85,1.52,43098,9532015690,LISTED
1210,大成,51.4,51.1,0.98,1532880,43006756496,LISTED
1213,大飲,9.78,10.15,-3.65,10010,553769276,LISTED
1215,卜蜂,148.5,150.5,-0.34,654943,43776315000,LISTED
1216,統一,73.4,73.8,0.55,7517420,417059909670,LISTED
1217,愛之味,10.55,10.6,0.0,897799,5217116464,LISTED
1218,泰山,18.2,18.1,0.83,338647,8851024371,LISTED
1219,福壽,13.55,13.6,-0.37,420203,4623779897,LISTED
1220,台榮,13.05,12.9,1.16,409705,2302006265,LISTED
1225,福懋油,28.85,28.7,0.52,100004,6989439076,LISTED
1227,佳格,29.45,29.2,1.55,1223180,26752969693,LISTED
1229,聯華,45.35,45.55,0.33,1475698,81118538519,LISTED
1231,聯華食,93.5,92.8,0.75,306880,27905493506,LISTED
1232,大統益,149.5,149.5,1.01,166013,23916262500,LISTED
1233,天仁,32.3,32.25,0.16,22000,2924732630,LISTED
1234,黑松,37.15,36.8,0.68,169347,14929508263,LISTED
1235,興泰,40.95,41.2,-0.61,49000,1861570654,LISTED
1236,宏亞,26.3,26.35,0.19,50100,2279526344,LISTED
1256,鮮活果汁-KY,159.5,155.0,2.9,67004,5705665900,LISTED
1301,台塑,46.5,45.55,2.42,22588689,296006956500,LISTED
1303,南亞,78.8,73.9,8.24,131610327,624948797802,LISTED
1304,台聚,11.7,11.4,2.63,3923992,12545874695,LISTED
1305,華夏,11.9,11.7,1.71,1980223,6914494778,LISTED
1307,三芳,33.0,32.4,7.84,5762392,13127994000,LISTED
1308,亞聚,13.4,13.35,0.75,1014188,7956155973,LISTED
1309,台達化,12.1,11.9,2.11,945360,4810802851,LISTED
1310,台苯,9.01,9.05,-0.11,1618333,0,LISTED
1312,國喬,13.1,12.5,3.97,7987820,15027247626,LISTED
1313,聯成,10.55,10.4,1.44,1888559,14040426693,LISTED
1314,中石化,7.92,7.88,0.64,12759122,29976012288,LISTED
1315,達新,64.9,64.3,0.78,24000,6199702445,LISTED
1316,上曜,13.9,13.75,2.21,2432256,4716908478,LISTED
1319,東陽,103.0,105.0,-1.44,1492275,60922131000,LISTED
1321,大洋,33.4,33.0,1.37,130000,7370889356,LISTED
1323,永裕,18.75,18.55,1.08,40000,1711406250,LISTED
1324,地球,10.95,10.4,4.29,102002,822585885,LISTED
1325,恆大,30.25,29.5,2.02,454709,2579750250,LISTED
1326,台化,42.25,40.7,3.68,52311539,247120942519,LISTED
1337,再生-KY,5.19,5.27,-1.52,376344,1395876465,LISTED
1338,廣華-KY,19.2,19.35,-0.52,48023,1550572861,LISTED
1339,昭輝,43.05,42.45,-1.49,118000,3191038143,LISTED
1340,勝悅-KY,7.21,6.77,6.81,1025950,1102574835,LISTED
1341,富林-KY,60.6,59.8,1.34,13102,3202770519,LISTED
1342,八貫,100.5,104.0,-1.95,771870,7839090651,LISTED
1402,遠東新,28.4,28.3,1.43,12799345,151999524358,LISTED
1409,新纖,15.3,15.2,0.99,5006788,24690058398,LISTED
1410,南染,33.55,33.7,-0.45,139001,2080099952,LISTED
1413,宏洲,10.05,9.71,0.0,15638,1327729645,LISTED
1414,東和,19.9,19.7,0.51,310561,3546179932,LISTED
1416,廣豐,11.75,11.7,0.86,64970,2177768500,LISTED
1417,嘉裕,8.81,8.75,0.23,123980,1673389099,LISTED
1418,東華,19.7,19.8,0.51,21565,1069926741,LISTED
1419,新紡,71.6,70.8,2.14,393020,21425368743,LISTED
1423,利華,38.3,38.15,0.39,33009,3816518323,LISTED
1432,大魯閣,19.15,19.15,0.0,501173,2068199958,LISTED
1434,福懋,17.6,17.6,0.57,2899541,29611507841,LISTED
1435,中福,21.85,21.55,1.39,13003,3054194801,LISTED
1436,華友聯,56.9,56.8,0.18,209510,9826687163,LISTED
1437,勤益控,32.35,32.1,0.47,119698,6579051539,LISTED
1438,三地開發,32.2,31.45,3.87,62575,3580825556,LISTED
1439,雋揚,29.95,29.75,0.67,109000,2755400070,LISTED
1440,南紡,13.4,13.4,1.13,1221061,22201333767,LISTED
1441,大東,9.99,9.98,-0.1,22784,716722543,LISTED
1442,名軒,30.15,29.3,0.17,342031,11041291660,LISTED
1443,立益物流,26.9,27.35,1.13,24646,3640726944,LISTED
1444,力麗,6.29,6.22,0.64,795775,6191813137,LISTED
1445,大宇,15.3,15.15,0.99,71250,1999189824,LISTED
1446,宏和,16.25,16.45,-1.22,234206,2237787500,LISTED
1447,力鵬,5.34,5.34,-0.56,775557,4504515134,LISTED
1449,佳和,10.8,10.85,0.0,367914,1372837412,LISTED
1451,年興,18.0,17.55,2.56,162265,3564000000,LISTED
1452,宏益,11.7,11.7,0.0,45200,1551899674,LISTED
1453,大將,13.4,13.7,0.0,167087,1517464840,LISTED
1454,台富,14.25,14.3,-2.73,154007,1740210000,LISTED
1455,集盛,8.51,8.56,0.35,435361,4524668244,LISTED
1456,怡華,13.0,13.15,-0.76,95000,1218360000,LISTED
1457,宜進,15.15,15.0,1.0,92573,3537812760,LISTED
1459,聯發,11.85,11.75,0.85,106162,3762197371,LISTED
1460,宏遠,6.81,6.78,0.44,1121000,4593113162,LISTED
1463,強盛,18.1,17.75,0.28,74000,3105804405,LISTED
1464,得力,11.15,11.1,0.9,318623,4726043755,LISTED
1465,偉全,12.35,12.3,0.0,121000,1279550194,LISTED
1466,聚隆,17.4,17.4,-1.69,1364263,1934137325,LISTED
1467,南緯,7.37,7.33,0.55,126100,1721814012,LISTED
1468,昶和,13.0,12.85,0.78,56000,2085265000,LISTED
1470,大統新創,22.95,22.6,1.55,11000,1968352715,LISTED
1471,首利,10.8,12.0,-10.0,1871622,1624477017,LISTED
1472,三洋實業,90.4,90.6,-0.22,97008,4744922692,LISTED
1473,台南,25.4,25.15,2.21,173214,3712311544,LISTED
1474,弘裕,10.15,10.1,0.5,96000,1318454500,LISTED
1475,業旺,30.6,30.9,-0.81,63000,2020120225,LISTED
1476,儒鴻,426.0,431.0,-0.7,830249,116880384600,LISTED
1477,聚陽,310.5,314.0,-0.8,619455,76598397886,LISTED
1503,士電,211.5,211.5,2.42,3937005,110185578000,LISTED
1504,東元,79.8,80.1,0.63,8128441,187101856215,LISTED
1506,正道,11.7,11.7,0.0,123002,3514551242,LISTED
1512,瑞利,7.95,8.16,-1.85,121003,780554831,LISTED
1513,中興電,163.5,164.0,0.31,4069538,80781099000,LISTED
1514,亞力,122.0,121.5,0.0,2911144,33046089492,LISTED
1515,力山,26.15,26.0,0.58,178000,4745518880,LISTED
1516,川飛,21.15,22.9,-4.51,25822,846173330,LISTED
1517,利奇,11.8,11.85,0.43,129010,2596000124,LISTED
1519,華城,967.0,950.0,0.1,3915493,305456346800,LISTED
1521,大億,27.0,26.6,1.5,44021,2058210000,LISTED
1522,堤維西,44.4,45.85,-7.02,4513818,13850935676,LISTED
1524,耿鼎,30.85,31.0,-0.8,1159132,5099825810,LISTED
1525,江申,63.3,63.8,0.32,57000,4646226274,LISTED
1526,日馳,20.15,20.7,0.25,121221,1208999977,LISTED
1527,鑽全,34.2,34.45,-0.15,160005,4739114625,LISTED
1528,恩德,22.3,22.45,2.06,12918236,4266681154,LISTED
1529,樂事綠能,24.95,24.35,9.91,1959623,3869620368,LISTED
1530,亞崴,29.0,28.85,0.52,26050,2743230988,LISTED
1531,高林股,12.45,12.5,0.4,180000,2267245561,LISTED
1532,勤美,24.35,24.35,0.41,566000,10136010831,LISTED
1533,車王電,30.8,30.65,0.16,117040,3035247524,LISTED
1535,中宇,46.9,45.0,4.22,178031,5803546888,LISTED
1536,和大,61.0,61.0,0.0,1048120,17016530354,LISTED
1537,廣隆,123.5,123.0,0.82,42669,10134657000,LISTED
1538,正峰,25.5,26.8,-3.77,35231,823650000,LISTED
1539,巨庭,18.0,18.0,0.28,53000,1176660000,LISTED
1540,喬福,23.7,23.85,-0.63,311004,2025733865,LISTED
1541,錩泰,25.4,24.75,2.63,97000,2001519969,LISTED
1558,伸興,95.1,95.2,-0.52,34011,6200580003,LISTED
1560,中砂,425.0,415.5,2.29,2467548,62449925000,LISTED
1563,巧新,45.75,46.7,-2.03,547608,9956807655,LISTED
1568,倉佑,22.65,22.8,-2.16,412000,2334920510,LISTED
1582,信錦,68.5,68.7,0.74,515110,9882426500,LISTED
1583,程泰,47.7,47.5,-0.62,67000,5218397827,LISTED
1587,吉茂,46.45,46.1,1.86,726546,3718586071,LISTED
1589,永冠-KY,16.55,16.25,2.48,628005,2534399706,LISTED
1590,亞德客-KY,1200.0,1260.0,-2.44,974302,239999997600,LISTED
1597,直得,77.3,78.6,-1.65,237012,6745352866,LISTED
1598,岱宇,19.7,19.9,-1.75,1671200,3276427158,LISTED
1603,華電,37.9,38.0,-0.13,589566,6020263642,LISTED
1604,聲寶,24.1,23.9,1.05,401439,8766808938,LISTED
1605,華新,34.7,34.35,0.43,29514761,153767258480,LISTED
1608,華榮,34.55,34.3,1.62,3606800,14656443982,LISTED
1609,大亞,39.1,38.6,2.76,4963637,30613129732,LISTED
1611,中電,13.15,13.1,0.77,381526,4243974884,LISTED
1612,宏泰,35.7,35.95,0.14,768313,11284056241,LISTED
1614,三洋電,34.15,33.7,1.04,46000,8842507944,LISTED
1615,大山,47.85,48.5,0.42,123250,9410357840,LISTED
1616,億泰,28.3,28.6,0.18,912000,5362680055,LISTED
1617,榮星,16.05,16.4,-0.93,162000,2532654569,LISTED
1618,合機,44.75,46.2,-1.97,1622456,8622967000,LISTED
1626,艾美特-KY,10.85,10.7,1.4,47745,1625565730,LISTED
1702,南僑,37.35,37.35,0.0,398770,9266224765,LISTED
1707,葡萄王,122.0,123.5,-0.41,83220,18072714000,LISTED
1708,東鹼,35.15,35.0,0.43,1908159,8752420679,LISTED
1709,和益,16.65,16.65,0.0,276973,7942320763,LISTED
1710,東聯,12.6,12.6,0.4,1097375,11050540534,LISTED
1711,永光,23.0,22.8,0.22,8290812,12598300600,LISTED
1712,興農,45.7,46.2,-1.19,534466,19216484720,LISTED
1713,國化,47.45,47.1,-0.11,208007,7162672515,LISTED
1714,和桐,9.25,9.18,1.76,7156531,9080570062,LISTED
1717,長興,56.8,55.8,2.53,14098698,66583542596,LISTED
1718,中纖,7.09,7.02,1.0,2241482,9511800603,LISTED
1720,生達,60.7,61.0,-0.16,267006,10846847336,LISTED
1721,三晃,16.95,17.15,-2.02,1234532,3133783941,LISTED
1722,台肥,46.4,46.1,0.32,1918950,45472001495,LISTED
1723,中碳,72.2,71.6,1.12,387019,16761229291,LISTED
1725,元禎,26.95,27.2,-0.92,39000,4900318638,LISTED
1726,永記,76.5,76.7,0.39,50000,12393000000,LISTED
1727,中華化,42.15,41.5,4.07,1566119,5284155173,LISTED
1730,花仙子,53.2,53.1,0.19,117052,3364048848,LISTED
1731,美吾華,21.95,21.9,0.46,74000,2917484351,LISTED
1732,毛寶,27.65,27.75,0.55,243906,1173573818,LISTED
1733,五鼎,30.7,30.5,0.49,186005,3068470970,LISTED
1734,杏輝,30.55,30.65,-0.33,212182,5810511270,LISTED
1735,日勝化,16.3,16.9,-2.4,317000,1620024324,LISTED
1736,喬山,138.0,139.5,-0.72,374057,41855347146,LISTED
1737,臺鹽,31.4,31.45,-0.16,142175,6279999923,LISTED
1752,南光,37.0,37.25,0.27,47015,3736573501,LISTED
1760,寶齡富錦,61.6,62.4,-1.12,116741,5281522269,LISTED
1762,中化生,26.9,26.3,4.47,171150,2069094170,LISTED
1773,勝一,146.0,145.0,1.74,779716,43800000000,LISTED
1776,展宇,15.1,15.25,0.0,8020,907614998,LISTED
1783,和康生,44.3,43.8,0.68,57203,3972823931,LISTED
1786,科妍,71.6,72.0,-0.83,267043,5357659053,LISTED
1789,神隆,21.65,21.8,-1.37,2061317,17119499048,LISTED
1795,美時,292.5,311.5,-9.86,9481321,76871870010,LISTED
1802,台玻,47.05,43.1,9.93,92725377,136824267831,LISTED
1805,寶徠,11.75,11.85,-0.84,68700,1585909250,LISTED
1806,冠軍,8.88,8.82,1.02,673886,3432271004,LISTED
1808,潤隆,31.75,31.6,0.79,989880,25518382065,LISTED
1809,中釉,23.5,23.15,1.29,4050199,3925487000,LISTED
1810,和成,18.75,18.4,2.18,936905,5659847175,LISTED
1817,凱撒衛,38.85,38.9,0.26,51000,2820509889,LISTED
1903,士紙,55.3,55.5,0.55,272189,14380162031,LISTED
1904,正隆,18.6,18.4,1.36,1638289,20613906122,LISTED
1905,華紙,11.95,12.0,-0.42,822003,13178881815,LISTED
1906,寶隆,11.95,11.65,2.58,99200,1804449971,LISTED
1907,永豐餘,25.9,26.1,-0.38,1176336,43003634166,LISTED
1909,榮成,9.94,9.95,-0.1,1377101,13037748035,LISTED
2002,中鋼,20.9,20.6,1.95,59001136,320351075724,LISTED
2006,東和鋼鐵,72.0,71.5,0.7,1880627,52575393600,LISTED
2007,燁興,8.27,8.26,1.22,292589,4388492282,LISTED
2008,高興昌,29.8,29.95,1.36,22266,5687398215,LISTED
2009,第一銅,44.7,43.75,1.71,2201717,16075112614,LISTED
2010,春源,22.5,22.4,1.81,1604540,14572246297,LISTED
2012,春雨,17.05,16.75,1.49,45400,4752397437,LISTED
2013,中鋼構,41.8,41.8,0.97,122091,8359999847,LISTED
2014,中鴻,18.15,18.15,0.28,7492370,26055123052,LISTED
2015,豐興,67.3,66.0,1.97,332966,39141643010,LISTED
2017,官田鋼,8.85,8.78,2.08,754108,3781974128,LISTED
2020,美亞,24.35,24.1,1.67,440187,6502212743,LISTED
2022,聚亨,9.0,8.77,5.02,1532261,3034513242,LISTED
2023,燁輝,14.95,14.9,1.01,1447716,28049790841,LISTED
2024,志聯,16.4,16.35,0.31,21005,1598999962,LISTED
2025,千興,12.15,12.15,0.0,203267,2097825458,LISTED
2027,大成鋼,37.35,37.3,0.95,8673366,87915868678,LISTED
2028,威致,18.8,18.45,2.45,141082,6091613352,LISTED
2029,盛餘,21.85,21.55,1.86,315000,7017783122,LISTED
2030,彰源,16.5,16.5,0.61,662008,4553439000,LISTED
2031,新光鋼,40.0,39.8,1.01,929195,12845840000,LISTED
2032,新鋼,16.7,16.5,1.83,521000,2179717499,LISTED
2033,佳大,16.35,16.25,0.62,124000,1319355694,LISTED
2034,允強,21.15,21.1,0.71,795330,11188256526,LISTED
2038,海光,15.6,15.3,2.3,779000,3028499210,LISTED
2049,上銀,232.0,236.0,-0.85,1814788,82079799680,LISTED
2059,川湖,3030.0,2945.0,3.24,599879,288749910000,LISTED
2062,橋椿,21.15,21.4,-2.08,298000,4229876259,LISTED
2069,運錩,18.7,18.55,0.81,171010,3111437026,LISTED
2101,南港,35.15,35.3,0.29,773849,25493217318,LISTED
2102,泰豐,19.75,19.45,1.8,401526,9076586500,LISTED
2103,台橡,16.25,16.2,0.31,3797998,13417787158,LISTED
2104,國際中橡,11.25,11.15,1.81,1767567,10912488750,LISTED
2105,正新,30.85,30.55,1.98,16568972,99997670522,LISTED
2106,建大,19.8,19.85,0.76,394635,18906821271,LISTED
2107,厚生,25.25,25.1,0.6,182586,7665733350,LISTED
2108,南帝,24.0,24.15,-0.62,479529,11818008000,LISTED
2109,華豐,14.95,14.8,1.01,127802,4176269514,LISTED
2114,鑫永銓,89.5,89.5,0.11,57018,6980266100,LISTED
2115,六暉-KY,24.45,24.55,0.82,68001,2551923890,LISTED
2201,裕隆,30.65,30.7,-0.33,3174367,32564858344,LISTED
2204,中華,59.3,57.9,4.22,4421345,32829665577,LISTED
2206,三陽工業,60.8,60.6,1.0,956281,47323263047,LISTED
2207,和泰車,549.0,540.0,3.0,517245,305849419632,LISTED
2208,台船,23.5,23.0,3.07,14908975,29951677075,LISTED
2211,長榮鋼,100.5,101.5,-3.37,3647250,41917645500,LISTED
2227,裕日車,53.8,54.4,1.89,114750,16139999771,LISTED
2228,劍麟,94.1,95.0,-0.95,243011,7507297878,LISTED
2231,為升,90.8,90.2,0.67,175011,12341319311,LISTED
2233,宇隆,223.0,223.0,0.0,779193,13444244070,LISTED
2236,百達-KY,112.5,114.0,-0.44,254454,6907690012,LISTED
2239,英利-KY,27.15,27.35,-1.99,187038,3195907905,LISTED
2241,艾姆勒,29.8,30.2,-1.32,357003,3117148638,LISTED
2243,宏旭-KY,11.85,11.6,1.72,189095,822013196,LISTED
2247,汎德永業,291.0,290.0,1.04,504590,23486319000,LISTED
2250,IKKA-KY,70.2,70.7,-1.27,118547,2554437488,LISTED
2301,光寶科,179.5,175.5,1.13,32868691,407424074000,LISTED
2302,麗正,18.05,18.4,-2.43,914459,3001769023,LISTED
2303,聯電,62.8,62.9,0.64,87219731,790536208861,LISTED
2305,全友,12.75,12.7,0.79,800125,2584753950,LISTED
2308,台達電,1260.0,1200.0,6.33,14422679,3272904594540,LISTED
2312,金寶,24.1,24.2,0.0,11699750,36281514274,LISTED
2313,華通,186.5,183.5,1.91,84656890,222274541900,LISTED
2314,台揚,20.5,20.55,-0.49,125951,916118288,LISTED
2316,楠梓電,95.8,95.2,-0.31,1260653,17381473553,LISTED
2317,鴻海,227.0,222.5,2.71,65872532,3169541735294,LISTED
2321,東訊,16.5,16.45,1.85,2444,494239845,LISTED
2323,中環,10.35,10.25,2.48,6554678,11274755610,LISTED
2324,仁寶,30.6,30.4,0.0,24324469,133328167422,LISTED
2327,國巨,256.0,256.0,0.79,16638142,530533032192,LISTED
2328,廣宇,47.8,48.65,-1.75,4647847,24776951931,LISTED
2329,華泰,50.2,50.2,-0.59,4691703,28123462794,LISTED
2330,台積電,1915.0,1880.0,1.86,40488310,49660784457715,LISTED
2331,精英,25.35,25.25,0.4,2102310,14130166262,LISTED
2332,友訊,15.3,15.3,0.66,1454871,9132503926,LISTED
2337,旺宏,98.5,89.1,9.93,345272475,182606096500,LISTED
2338,光罩,33.65,34.35,-0.88,1362499,9439573972,LISTED
2340,台亞,24.65,24.75,0.61,1310729,10793446032,LISTED
2342,茂矽,30.5,31.0,-1.29,1167375,4805846722,LISTED
2344,華邦電,105.5,101.5,1.93,201852742,474750020467,LISTED
2345,智邦,1450.0,1355.0,4.32,7403735,810416600000,LISTED
2347,聯強,68.7,69.0,1.03,7291542,114587951680,LISTED
2348,海悅,74.1,74.4,-1.07,267639,11243552375,LISTED
2349,錸德,13.25,13.1,1.15,3137620,9191255548,LISTED
2351,順德,86.0,85.5,1.18,1920261,15664040000,LISTED
2352,佳世達,25.35,25.3,0.2,3617180,32853989236,LISTED
2353,宏碁,27.1,27.15,0.18,22354558,81468237946,LISTED
2354,鴻準,58.7,58.2,1.38,4199272,83030281908,LISTED
2355,敬鵬,38.35,36.95,4.35,7725140,15243932643,LISTED
2356,英業達,45.35,45.3,0.67,17708177,162691988769,LISTED
2357,華碩,523.0,525.0,-0.57,3695135,388463626440,LISTED
2359,所羅門,125.0,126.5,-0.4,807191,21421375000,LISTED
2360,致茂,1050.0,1045.0,0.96,1640232,444787792050,LISTED
2362,藍天,39.0,38.35,1.69,961785,22541989665,LISTED
2363,矽統,55.0,54.4,1.1,20617664,28324348855,LISTED
2364,倫飛,61.8,63.6,0.49,149202,3237618406,LISTED
2365,昆盈,35.25,34.7,1.15,3925481,7808879484,LISTED
2367,燿華,52.5,52.1,1.74,73289943,37078291740,LISTED
2368,金像電,829.0,862.0,-2.01,10834875,403465181000,LISTED
2369,菱生,25.25,24.9,1.81,3515476,9454687997,LISTED
2371,大同,36.8,37.2,0.41,10472150,75294881613,LISTED
2373,震旦行,55.5,55.3,1.09,52281,12415667515,LISTED
2374,佳能,77.5,78.0,-0.13,3061547,25271378560,LISTED
2375,凱美,85.3,84.6,0.83,889399,9269977831,LISTED
2376,技嘉,229.5,228.0,1.32,2714172,153739499337,LISTED
2377,微星,90.7,90.9,0.33,4103295,76628454761,LISTED
2379,瑞昱,476.0,478.5,-0.52,2384963,245383712000,LISTED
2380,虹光,4.88,4.9,1.04,100231,1057681879,LISTED
2382,廣達,286.0,286.0,0.35,16235356,1102392262400,LISTED
2383,台光電,2195.0,2100.0,4.28,4927034,784790422500,LISTED
2385,群光,119.5,120.0,-0.42,2276114,83091576500,LISTED
2387,精元,39.1,38.95,0.39,324270,7566670804,LISTED
2388,威盛,49.2,50.6,-3.53,4761780,27339207570,LISTED
2390,云辰,10.25,10.2,0.49,281643,1974349290,LISTED
2392,正崴,38.3,38.95,-1.67,1475101,17726156548,LISTED
2393,億光,57.6,58.0,-0.52,2373101,25539441077,LISTED
2395,研華,305.0,300.0,2.52,4158801,263882950000,LISTED
2397,友通,60.5,60.3,0.17,161000,6926575909,LISTED
2399,映泰,21.7,21.8,-1.36,1452089,3864770135,LISTED
2401,凌陽,21.5,21.25,1.42,2141212,12651350866,LISTED
2402,毅嘉,53.0,53.0,0.0,3566033,16299436249,LISTED
2404,漢唐,923.0,910.0,1.65,2120209,174065524100,LISTED
2405,輔信,15.6,15.75,-0.64,1399002,5357466057,LISTED
2406,國碩,29.55,29.1,5.54,27219866,10369272032,LISTED
2408,南亞科,278.0,266.5,2.58,90906529,861418584000,LISTED
2409,友達,16.15,15.2,9.49,493741692,121885645518,LISTED
2412,中華電,133.0,133.5,0.38,12382926,1031740390618,LISTED
2413,環科,41.5,43.5,-4.93,6295304,5285398500,LISTED
2414,精技,41.8,42.45,-0.12,231065,6760564676,LISTED
2415,錩新,28.0,27.7,2.56,368185,2520000000,LISTED
2417,圓剛,36.75,36.8,-1.08,481508,4843098750,LISTED
2419,仲琦,27.8,27.25,0.72,1216118,8932618748,LISTED
2420,新巨,51.0,50.8,0.99,247030,7785083700,LISTED
2421,建準,144.5,146.0,-1.37,1425913,39382030000,LISTED
2423,固緯,47.1,44.75,5.37,297005,6831713478,LISTED
2424,隴華,32.9,32.2,1.86,69200,1960346590,LISTED
2425,承啟,27.2,28.1,-4.56,752475,2624772873,LISTED
2426,鼎元,18.65,18.4,1.63,774374,5606581535,LISTED
2427,三商電,26.9,26.55,1.51,1478060,5326188465,LISTED
2428,興勤,173.5,173.0,0.87,340203,22227605500,LISTED
2429,銘旺科,55.6,56.3,-1.24,351100,4753799869,LISTED
2430,燦坤,22.7,22.6,0.67,169667,2651360089,LISTED
2431,聯昌,15.2,14.9,2.01,1802251,1686090378,LISTED
2433,互盛電,46.8,46.6,0.32,56507,6762413251,LISTED
2434,統懋,29.8,29.7,0.17,49008,1102599971,LISTED
2436,偉詮電,59.4,58.7,2.41,17889702,11708101096,LISTED
2438,翔耀,22.8,21.3,9.88,506000,1418068752,LISTED
2439,美律,99.7,99.6,-0.3,682119,25313372000,LISTED
2440,太空梭,15.3,14.85,2.0,259833,2128490126,LISTED
2441,超豐,88.6,87.0,0.8,3651988,50399754732,LISTED
2442,新美齊,20.7,20.45,0.0,1595715,5699654544,LISTED
2444,兆勁,12.45,12.8,0.0,541133,1264541164,LISTED
2449,京元電子,313.5,309.0,3.81,22349064,383330557500,LISTED
2450,神腦,28.9,28.85,0.17,121110,7463511601,LISTED
2451,創見,219.0,209.0,2.82,5354639,94323666825,LISTED
2453,凌群,52.2,52.6,-0.76,513060,5220000076,LISTED
2454,聯發科,1855.0,1795.0,0.54,8232637,2960784430275,LISTED
2455,全新,180.0,194.0,-5.26,36761392,33100905240,LISTED
2457,飛宏,28.15,28.4,0.0,2445320,11957343348,LISTED
2458,義隆,119.0,120.5,-1.24,1312219,34072437000,LISTED
2459,敦吉,66.0,66.0,0.0,90006,6969336000,LISTED
2460,建通,26.35,25.2,5.4,2334441,4458420064,LISTED
2461,光群雷,16.45,16.4,0.3,266005,2820236477,LISTED
2462,良得電,25.0,24.9,1.42,420040,3769612075,LISTED
2464,盟立,71.1,71.0,-1.25,5231954,14678681853,LISTED
2465,麗臺,51.7,52.0,-0.58,217536,4857009926,LISTED
2466,冠西電,52.6,55.1,-4.54,583103,9123927250,LISTED
2467,志聖,273.0,273.0,0.18,2230237,41639107692,LISTED
2468,華經,35.4,36.25,-3.01,342000,2476619506,LISTED
2471,資通,50.7,51.4,-1.36,274006,2395777836,LISTED
2472,立隆電,108.5,108.5,0.0,1046379,17873762364,LISTED
2474,可成,192.5,194.5,-0.52,1535304,108063545590,LISTED
2476,鉅祥,82.9,82.4,0.85,585589,17957881230,LISTED
2477,美隆電,24.1,23.55,1.9,570400,3821609360,LISTED
2478,大毅,59.6,59.0,2.58,1472821,8506787646,LISTED
2480,敦陽科,143.5,141.0,2.87,448435,15262660000,LISTED
2481,強茂,84.2,88.3,-4.32,12993394,32174075771,LISTED
2482,連宇,17.8,17.5,1.14,90503,1386317340,LISTED
2483,百容,20.3,20.4,1.0,189000,2180565018,LISTED
2484,希華,26.4,26.7,0.38,594391,4208714919,LISTED
2485,兆赫,36.8,37.4,-2.26,26663332,11690954957,LISTED
2486,一詮,152.0,149.0,4.11,6419251,35257704008,LISTED
2488,漢平,47.3,47.0,1.07,324507,3783952638,LISTED
2489,瑞軒,27.1,25.85,7.54,95348601,16531000232,LISTED
2491,吉祥全,16.25,16.6,-1.81,212000,1332630000,LISTED
2492,華新科,123.5,123.5,0.0,3492334,59873389589,LISTED
2493,揚博,106.0,106.5,-0.47,992700,18952800000,LISTED
2495,普安,31.6,30.5,5.16,3821533,8644227504,LISTED
2496,卓越,69.3,69.1,-0.14,24150,1323657778,LISTED
2497,怡利電,45.1,45.8,-1.31,260150,5903034032,LISTED
2498,宏達電,44.25,44.75,-1.01,3328352,36595816469,LISTED
2501,國建,22.55,22.4,0.67,1408301,26148099665,LISTED
2504,國產,36.35,35.9,1.11,1368480,42779731604,LISTED
2505,國揚,18.85,19.0,-0.79,369578,7163000144,LISTED
2506,太設,9.02,9.03,0.22,217277,3261235285,LISTED
2509,全坤建,14.5,14.5,-0.34,204001,3255982250,LISTED
2511,太子,8.24,8.28,-0.12,1516880,13370808668,LISTED
2514,龍邦,14.75,14.65,0.68,118000,5282274425,LISTED
2515,中工,15.8,15.05,5.69,51662405,25404871182,LISTED
2516,新建,14.55,14.7,-0.68,295002,3292359493,LISTED
2520,冠德,31.85,31.8,-0.93,1717070,18970728044,LISTED
2524,京城,41.4,40.75,1.22,129423,15151719321,LISTED
2527,宏璟,29.5,29.85,-2.16,509938,7721869997,LISTED
2528,皇普,27.7,27.35,2.03,667150,12022533494,LISTED
2530,華建,25.2,25.1,0.4,609422,21167698240,LISTED
2534,宏盛,19.8,20.0,-1.0,1170410,9365419439,LISTED
2535,達欣工,71.0,71.9,0.42,622992,18452313540,LISTED
2536,宏普,22.85,22.95,0.22,211000,7604678921,LISTED
2537,聯上發,10.55,10.6,0.96,523003,3170885902,LISTED
2538,基泰,10.5,10.45,0.48,216744,4672767697,LISTED
2539,櫻花建,48.55,47.8,0.1,1250194,57925129445,LISTED
2540,愛山林,46.85,47.6,-0.85,441400,44267343818,LISTED
2542,興富發,38.85,38.4,1.44,6502986,82124867252,LISTED
2543,皇昌,61.2,60.6,1.32,1950241,32346768416,LISTED
2545,皇翔,37.65,37.3,1.48,356612,14297016138,LISTED
2546,根基,86.0,85.4,0.82,60202,11225080512,LISTED
2547,日勝生,10.8,10.75,0.93,1795930,11179022417,LISTED
2548,華固,108.5,107.5,0.93,1001601,34667670124,LISTED
2597,潤弘,170.5,169.5,0.59,325072,52977078000,LISTED
2601,益航,5.37,5.33,-0.92,1470223,4429047385,LISTED
2603,長榮,186.0,187.5,0.0,5662303,402697998000,LISTED
2605,新興,29.15,29.0,-0.34,6467377,17063048413,LISTED
2606,裕民,62.6,61.9,0.81,3673234,52900486281,LISTED
2607,榮運,55.8,56.5,-0.53,432116,29773236115,LISTED
2608,嘉里大榮,32.65,32.6,-0.31,239908,15247550712,LISTED
2609,陽明,53.3,52.6,0.95,8086743,186129154926,LISTED
2610,華航,22.7,22.9,-1.09,37897102,138057966929,LISTED
2611,志信,14.4,14.6,-0.69,444907,2721628727,LISTED
2612,中航,60.6,60.5,-0.33,1063147,11967566458,LISTED
2613,中櫃,24.2,24.35,0.41,288002,3322079304,LISTED
2614,東森,20.5,20.65,0.0,663116,6708931393,LISTED
2615,萬海,75.0,75.0,0.67,3960883,210460980000,LISTED
2616,山隆,13.7,13.55,0.37,97606,1862224534,LISTED
2617,台航,30.1,30.25,0.17,644036,12560549559,LISTED
2618,長榮航,38.85,39.0,-0.38,30957378,209807254213,LISTED
2630,亞航,50.4,48.6,3.7,1435030,10555675519,LISTED
2633,台灣高鐵,27.15,27.35,-0.73,5277277,152808152802,LISTED
2634,漢翔,54.4,52.2,4.21,10446409,51237566237,LISTED
2636,台驊投控,64.1,64.1,0.0,271501,8779214634,LISTED
2637,慧洋-KY,70.2,69.8,0.57,1427518,52397909522,LISTED
2642,宅配通,24.45,24.4,0.2,73200,2334168222,LISTED
2645,長榮航太,164.5,162.0,2.81,2869698,61616923249,LISTED
2701,萬企,11.05,11.0,0.45,103461,4972146485,LISTED
2702,華園,11.95,11.85,0.84,40000,1871525320,LISTED
2704,國賓,42.65,42.6,-0.12,146165,15649281138,LISTED
2705,六福,16.2,16.25,0.31,241137,3099270745,LISTED
2706,第一店,12.9,12.85,0.39,111081,6449974009,LISTED
2707,晶華,190.0,190.0,0.0,143247,24206570000,LISTED
2712,遠雄來,17.5,17.2,1.74,33000,1837500000,LISTED
2722,夏都,25.45,25.9,0.2,60000,3643668872,LISTED
2723,美食-KY,74.3,75.3,-2.24,599070,13374000549,LISTED
2727,王品,215.5,217.0,0.0,178509,17856114500,LISTED
2731,雄獅,175.5,173.0,0.29,2038783,16370289000,LISTED
2739,寒舍,33.85,33.9,-0.15,99000,3098154960,LISTED
2748,雲品,41.2,40.55,1.73,146050,4358094880,LISTED
2753,八方雲集,184.0,183.0,0.82,256360,12262680000,LISTED
2762,世界健身-KY,73.0,73.0,0.27,81000,7973206000,LISTED
2801,彰銀,20.75,20.7,0.48,19348746,244145459749,LISTED
2812,台中銀,20.45,20.55,-0.24,14320861,123142254678,LISTED
2816,旺旺保,28.85,28.8,0.17,169488,6451090885,LISTED
2820,華票,17.25,17.0,1.47,4115076,23166060000,LISTED
2832,台產,48.9,48.4,0.62,129737,8678684055,LISTED
2834,臺企銀,15.8,15.8,0.64,17861375,153545381453,LISTED
2836,高雄銀,12.4,12.3,0.81,4411458,22814969924,LISTED
2838,聯邦銀,19.45,19.35,0.78,3001496,84423739711,LISTED
2845,遠東銀,12.6,12.55,0.8,13332966,61302592855,LISTED
2849,安泰銀,13.45,13.25,0.75,259001,26329845370,LISTED
2850,新產,114.0,114.5,0.0,194752,36019816200,LISTED
2851,中再保,27.45,27.4,0.18,1248141,21970671825,LISTED
2852,第一保,27.2,27.25,0.0,390514,8191655589,LISTED
2855,統一證,29.5,28.95,2.08,9316687,47241742500,LISTED
2867,三商壽,8.02,7.97,0.5,33280438,47314001073,LISTED
2880,華南金,34.6,34.2,1.32,19435590,481526970843,LISTED
2881,富邦金,95.2,95.0,0.74,16919103,1333501100778,LISTED
2882,國泰金,78.8,78.4,1.16,29213163,1155933792766,LISTED
2883,開發金,19.25,18.9,1.85,79564807,326765812719,LISTED
2884,玉山金,34.15,34.0,1.04,34396865,552342124679,LISTED
2885,元大金,44.75,44.7,0.9,23101986,596568962500,LISTED
2886,兆豐金,40.05,40.0,0.63,24950976,596079288879,LISTED
2887,台新金,24.0,24.0,0.21,81033402,596790629520,LISTED
2889,國票金,17.2,17.1,0.88,10392771,62497294456,LISTED
2890,永豐金,31.1,30.65,2.47,44352581,450711228311,LISTED
2891,中信金,52.2,51.9,0.97,33694567,1027182062412,LISTED
2892,第一金,29.45,29.4,0.68,22556548,423475362742,LISTED
2897,王道銀行,9.7,9.56,3.19,15973163,26989463769,LISTED
2901,欣欣,24.5,24.1,0.82,53010,1789560850,LISTED
2903,遠百,22.95,23.35,-2.34,4605899,32330446374,LISTED
2904,匯僑,17.05,17.0,0.29,79355,1327077023,LISTED
2905,三商,15.6,15.55,0.65,1003936,16431148168,LISTED
2906,高林,12.5,12.45,0.81,148401,2613962500,LISTED
2908,特力,20.85,20.95,0.72,222306,10631164994,LISTED
2910,統領,21.45,21.15,1.66,21057,3762394483,LISTED
2911,麗嬰房,5.14,5.19,-0.19,64880,540347625,LISTED
2912,統一超,223.0,223.5,0.22,1889587,231835762865,LISTED
2913,農林,12.95,12.95,0.0,730885,10266907323,LISTED
2915,潤泰全,52.2,52.1,0.19,1093429,55735277813,LISTED
2923,鼎固-KY,22.7,20.8,8.87,377060,39504743227,LISTED
2929,淘帝-KY,7.6,7.55,-1.17,320005,832154389,LISTED
2939,凱羿-KY,23.75,23.8,-0.42,19001,1081788750,LISTED
2945,三商家購,41.9,41.7,0.48,35000,2828250102,LISTED
3002,歐格,21.55,21.6,-0.23,241244,2183510572,LISTED
3003,健和興,49.1,49.0,2.61,359194,7642654861,LISTED
3004,豐達科,112.5,114.0,-1.32,360200,7196400000,LISTED
3005,神基,110.5,110.5,0.45,4016245,68603372500,LISTED
3006,晶豪科,154.0,152.5,-0.65,11687747,41993028000,LISTED
3008,大立光,2290.0,2330.0,-1.51,446947,299527878000,LISTED
3010,華立,122.0,125.5,-1.21,1768408,31651298872,LISTED
3011,今皓,12.95,12.95,0.0,298002,1620648446,LISTED
3013,晟銘電,107.5,109.0,0.0,1404031,22052442500,LISTED
3014,聯陽,119.5,120.5,-0.42,471257,19839404818,LISTED
3015,全漢,54.2,54.8,1.12,803820,10149600542,LISTED
3016,嘉晶,55.5,57.3,-2.63,1710321,16014081000,LISTED
3017,奇鋐,1605.0,1610.0,-0.93,3098162,627093974985,LISTED
3018,隆銘綠能,13.15,12.35,7.79,96398,991216936,LISTED
3019,亞光,148.0,152.0,-1.99,5708628,41328097496,LISTED
3021,鴻名,17.15,17.0,0.88,132090,1627363463,LISTED
3022,威強電,60.7,60.9,0.33,509304,10719486594,LISTED
3023,信邦,233.0,235.0,-1.06,1269069,55936080262,LISTED
3024,憶聲,10.3,10.35,0.0,390002,2854722302,LISTED
3025,星通,54.1,55.1,-3.22,1132141,3069471613,LISTED
3026,禾伸堂,104.5,105.0,-0.95,724098,17335538335,LISTED
3027,盛達,23.1,23.25,0.22,295022,2653681843,LISTED
3028,增你強,47.95,46.2,3.79,34180695,11375706131,LISTED
3029,零壹,114.0,113.5,2.24,2575043,19038570000,LISTED
3030,德律,185.0,184.0,0.54,1496538,43699960000,LISTED
3031,佰鴻,20.0,20.1,0.5,226000,3464064480,LISTED
3032,偉訓,73.7,74.4,0.96,607100,8349150290,LISTED
3033,威健,31.55,31.0,2.27,5902054,15140182083,LISTED
3034,聯詠,375.0,377.0,-0.53,2310146,228192000000,LISTED
3035,智原,162.0,162.5,-4.14,6021699,42209150868,LISTED
3036,文曄,175.0,170.5,3.86,13966314,221302532675,LISTED
3037,欣興,369.0,371.5,-0.67,46066925,581023068678,LISTED
3038,全台,22.75,23.5,-3.19,614053,3203996250,LISTED
3040,遠見,42.2,41.8,-0.35,111028,2525670045,LISTED
3041,揚智,24.55,24.6,-2.58,1371404,3442490426,LISTED
3042,晶技,88.1,88.5,-0.11,1222172,29953382781,LISTED
3043,科風,21.45,21.65,-1.38,117217,836035229,LISTED
3044,健鼎,388.0,393.0,3.47,5408885,203935128000,LISTED
3045,台灣大,106.5,106.0,0.95,6565350,322110337365,LISTED
3046,建碁,48.7,49.05,-1.81,518320,3820418292,LISTED
3047,訊舟,17.4,17.4,0.0,1266414,3868385315,LISTED
3048,益登,38.15,38.4,-0.78,1565486,10294007090,LISTED
3049,精金,9.25,9.08,2.55,3100518,7418597402,LISTED
3050,鈺德,12.95,13.05,0.0,504003,2007042770,LISTED
3051,力特,22.15,22.55,-0.67,605392,3654749937,LISTED
3052,夆典,11.6,11.6,0.87,439884,2366226077,LISTED
3054,立萬利,30.85,31.1,-0.8,79716,2488084676,LISTED
3055,蔚華科,64.6,66.0,-2.56,554242,7211744732,LISTED
3056,富華新,17.15,17.15,0.0,766009,8241518941,LISTED
3057,喬鼎,16.0,16.05,-1.23,193131,965211680,LISTED
3058,立德,9.75,9.72,1.25,792049,1953654105,LISTED
3059,華晶科,38.4,38.25,1.45,1715670,11794253268,LISTED
3060,銘異,30.3,29.8,1.17,2388788,4168164855,LISTED
3062,建漢,25.35,25.0,6.51,6353703,8318273075,LISTED
3090,日電貿,92.9,94.0,1.31,3340134,20121875565,LISTED
3092,鴻碩,23.15,23.15,-0.86,233428,2466679477,LISTED
3094,聯傑,24.55,25.0,-1.41,222039,2040524741,LISTED
3130,一零四,223.0,224.0,-0.22,24043,7401526100,LISTED
3138,耀登,155.5,154.0,-4.89,4892700,7502253000,LISTED
3149,正達,49.2,49.8,-2.38,6599826,11130693489,LISTED
3164,景岳,17.75,17.6,0.28,61001,1526683961,LISTED
3167,大量,271.5,279.0,-1.45,9895369,24029154198,LISTED
3168,眾福科,39.95,39.45,1.14,37000,3000231074,LISTED
3189,景碩,265.5,253.5,4.73,35731496,125452403280,LISTED
3209,全科,37.4,37.85,0.27,3213012,8803623759,LISTED
3229,晟鈦,20.85,21.0,-2.11,297001,1339883574,LISTED
3231,緯創,131.5,130.5,1.54,29043873,418224178000,LISTED
3257,虹冠電,60.0,60.5,-0.99,267056,4773875400,LISTED
3266,昇陽,14.05,13.45,4.85,111000,4950015982,LISTED
3296,勝德,23.8,23.7,-1.24,72042,2302031126,LISTED
3305,昇貿,109.0,111.0,-2.24,2099610,14159100000,LISTED
3308,聯德,21.35,21.3,-9.73,774003,1281003865,LISTED
3311,閎暉,30.6,30.8,-0.65,207142,3060000038,LISTED
3312,弘憶股,37.55,38.1,-0.66,664728,6857585733,LISTED
3321,同泰,17.7,17.8,-0.56,288881,1524213776,LISTED
3338,泰碩,52.2,51.6,1.16,390353,4532324626,LISTED
3346,麗清,20.75,20.95,-0.48,318002,2499925824,LISTED
3356,奇偶,46.5,47.0,-1.59,333262,3717287748,LISTED
3376,新日興,192.5,194.5,-0.52,2453227,37684535735,LISTED
3380,明泰,30.15,30.45,0.0,1370420,16332812568,LISTED
3406,玉晶光,429.5,430.0,-0.12,501499,48423118500,LISTED
3413,京鼎,289.0,291.5,-0.86,929886,31359968000,LISTED
3416,融程電,142.5,144.0,-0.7,140102,11363876535,LISTED
3419,譁裕,15.3,15.2,4.08,384140,1843359322,LISTED
3432,台端,17.4,18.1,-7.45,364070,734801983,LISTED
3437,榮創,15.45,15.45,-0.96,700031,2233266572,LISTED
3443,創意,2475.0,2510.0,-1.2,1250761,331677225000,LISTED
3447,展達,40.35,40.5,-0.74,161191,3125067031,LISTED
3450,聯鈞,243.0,249.0,-2.02,4064957,35400483000,LISTED
3454,晶睿,99.2,99.3,0.1,106373,8587534820,LISTED
3481,群創,21.95,21.3,4.28,269730768,175184115049,LISTED
3494,誠研,8.9,8.26,0.0,307901,843719963,LISTED
3501,維熹,50.5,51.1,-1.17,280112,5972023950,LISTED
3504,揚明光,53.8,54.6,-1.1,233100,6136416345,LISTED
3515,華擎,221.5,227.0,0.45,1194392,27365565255,LISTED
3518,柏騰,20.8,21.0,-2.35,226004,2086078307,LISTED
3528,安馳,72.1,75.0,2.12,1229378,4803734498,LISTED
3530,晶相光,62.9,62.2,1.13,114000,4873234228,LISTED
3532,台勝科,148.0,146.5,-1.99,7590180,57401548400,LISTED
3533,嘉澤,1645.0,1635.0,1.23,1397616,184610422745,LISTED
3535,晶彩科,103.5,102.0,0.98,4445871,8181882000,LISTED
3543,州巧,44.45,43.45,3.73,1302236,4856747100,LISTED
3545,敦泰,51.1,52.0,-1.54,898053,11125230086,LISTED
3550,聯穎,19.6,20.4,-3.69,10916564,2107980041,LISTED
3557,嘉威,34.35,34.95,-0.43,100765,2896235097,LISTED
3563,牧德,485.0,481.0,0.0,504564,31021015645,LISTED
3576,聯合再生,15.15,14.0,4.84,45138305,24644943729,LISTED
3583,辛耘,320.5,321.5,0.47,295500,25747130330,LISTED
3588,通嘉,52.0,53.1,-2.07,443052,3224737464,LISTED
3591,艾笛森,19.2,19.1,0.52,228530,2718405400,LISTED
3592,瑞鼎,223.5,228.0,-1.97,495586,16953643011,LISTED
3593,力銘,11.9,12.0,0.42,23042,723822831,LISTED
3596,智易,184.0,181.0,1.66,817575,40545320000,LISTED
3605,宏致,64.2,65.6,0.94,3135514,10423067689,LISTED
3607,谷崧,13.65,13.85,-1.8,499008,1660686253,LISTED
3617,碩天,192.0,193.0,0.52,132019,18079872000,LISTED
3622,洋華,58.1,58.4,-0.51,593528,8792162379,LISTED
3645,達邁,55.6,56.8,-1.77,2030519,7603517409,LISTED
3652,精聯,28.75,27.7,2.86,27072,2159067500,LISTED
3653,健策,3205.0,3320.0,-4.33,1645512,464308507045,LISTED
3661,世芯-KY,3380.0,3290.0,2.42,1701624,273830700000,LISTED
3665,貿聯-KY,1365.0,1390.0,-1.09,6994347,266120400000,LISTED
3669,圓展,32.75,31.35,-1.8,195010,3043130000,LISTED
3673,TPK-KY,38.85,39.9,1.97,1868003,15798895779,LISTED
3679,新至陞,114.0,114.5,-0.44,65000,7184534106,LISTED
3686,達能,18.9,19.0,-1.05,510715,1445755470,LISTED
3694,海華,60.5,61.5,3.77,2350173,9376242084,LISTED
3701,大眾控,47.2,50.5,-5.13,2234875,11164056314,LISTED
3702,大聯大,64.5,64.9,0.0,5407259,108299165728,LISTED
3703,欣陸,22.9,22.7,-1.08,2039704,18851646085,LISTED
3704,合勤控,32.7,33.0,-1.51,2881646,13228356938,LISTED
3705,永信,55.3,55.2,0.18,236101,14729984296,LISTED
3706,神達,78.4,79.6,-0.63,6729822,104053422825,LISTED
3708,上緯投控,103.0,104.5,-1.9,541346,10018520879,LISTED
3711,日月光投控,354.5,350.0,3.05,20827548,1550614473219,LISTED
3712,永崴投控,24.75,25.15,-2.75,931175,6094489500,LISTED
3714,富采,35.7,36.05,-1.38,2804135,26252913300,LISTED
3715,定穎投控,141.0,143.0,-1.05,12369688,39984016344,LISTED
4104,佳醫,77.7,77.1,0.13,200034,14636150834,LISTED
4106,雃博,23.1,22.8,0.0,62017,2331057998,LISTED
4108,懷特,14.55,14.55,2.46,318004,2889906487,LISTED
4119,旭富,52.0,53.3,-2.07,132917,6214448968,LISTED
4133,亞諾法,25.35,25.05,0.4,197764,1535043923,LISTED
4137,麗豐-KY,110.0,110.5,0.46,305318,9074158500,LISTED
4142,國光生,18.05,18.05,-1.1,2364501,7608219078,LISTED
4148,全宇生技-KY,36.5,36.0,0.0,39050,2454114000,LISTED
4155,訊映,14.15,14.2,0.0,166005,2038437115,LISTED
4164,承業醫,33.45,33.0,1.36,689250,6533153099,LISTED
4190,佐登-KY,28.95,29.6,-0.34,30161,1727822895,LISTED
4306,炎洲,13.5,13.35,1.5,708369,8882545050,LISTED
4414,如興,10.2,10.1,0.49,148209,2690716803,LISTED
4426,利勤,9.21,9.19,0.33,169306,1590357939,LISTED
4438,廣越,68.6,67.7,1.63,36198,7729261709,LISTED
4439,冠星-KY,102.0,102.5,-0.49,17072,3879672000,LISTED
4440,宜新實業,17.35,17.1,1.46,72000,1172825325,LISTED
4526,東台,32.55,32.9,-3.12,3322140,8196968657,LISTED
4532,瑞智,25.5,25.6,0.0,727000,12367375203,LISTED
4536,拓凱,165.0,162.0,4.43,564115,14985300000,LISTED
4540,全球傳動,47.85,46.9,2.57,3640185,5511684567,LISTED
4545,銘鈺,33.4,34.0,0.15,164001,2571800117,LISTED
4551,智伸科,122.0,123.0,-1.21,216000,14057084000,LISTED
4552,力達-KY,23.45,23.2,1.08,90003,2720200088,LISTED
4555,氣立,38.2,38.4,-0.39,89050,2654427022,LISTED
4557,永新-KY,67.8,66.8,1.5,55161,3252490898,LISTED
4560,強信-KY,33.0,32.15,2.48,297199,2247208920,LISTED
4562,穎漢,36.55,36.1,1.53,170038,3199806233,LISTED
4564,元翎,16.45,16.8,-2.08,507554,3829367778,LISTED
4566,時碩工業,58.2,58.0,0.34,347040,6399366068,LISTED
4569,六方科-KY,146.5,145.0,2.09,29404,4453014000,LISTED
4571,鈞興-KY,172.0,174.5,-0.86,219415,8930198032,LISTED
4572,駐龍,147.0,145.5,1.03,26006,5880000000,LISTED
4576,大銀微系統,113.5,114.5,-0.87,471110,13597509748,LISTED
4581,光隆精密-KY,51.0,50.8,0.39,12000,1728849000,LISTED
4583,台灣精銳,689.0,679.0,0.88,119029,55238094600,LISTED
4588,玖鼎電力,65.0,64.5,0.78,35077,2794025000,LISTED
4720,德淵,16.25,16.1,0.62,517004,1860885000,LISTED
4722,國精化,170.0,168.0,2.1,2611363,17314670000,LISTED
4736,泰博,125.5,127.0,-0.79,239726,11969495859,LISTED
4737,華廣,55.9,54.7,2.01,650001,4320245816,LISTED
4739,康普,68.0,69.0,-0.87,1067091,8476150360,LISTED
4746,台耀,56.7,57.4,-1.39,529693,6818515291,LISTED
4755,三福化,125.0,124.5,0.4,542355,12588250000,LISTED
4763,材料-KY,48.7,49.5,-0.41,3822941,48171443583,LISTED
4764,雙鍵,102.5,100.5,1.49,1342008,8768055000,LISTED
4766,南寶,318.5,316.0,1.11,288171,38401545000,LISTED
4770,上品,238.0,245.0,-2.46,533040,19034288000,LISTED
4771,望隼,178.0,179.5,-0.84,79849,10417984000,LISTED
4807,日成-KY,17.65,17.85,-0.56,18950,677689385,LISTED
4904,遠傳,91.9,92.7,-0.11,7028906,331485603003,LISTED
4906,正文,25.7,25.85,-0.58,2572969,10992959574,LISTED
4912,聯德控股-KY,87.8,88.8,-0.79,177532,5890774384,LISTED
4915,致伸,81.3,81.4,0.62,1567444,38306528937,LISTED
4916,事欣科,60.2,61.6,-4.9,7368392,7411282293,LISTED
4919,新唐,60.3,60.9,-1.15,5474180,25311829179,LISTED
4927,泰鼎-KY,33.3,31.9,4.88,7128670,8822434831,LISTED
4930,燦星網,21.9,21.6,1.39,95002,1751999969,LISTED
4934,太極,16.25,16.2,1.56,1317706,3656250000,LISTED
4935,茂林-KY,38.7,38.5,0.78,68000,4987036898,LISTED
4938,和碩,70.5,70.4,-0.28,8118797,189095988582,LISTED
4942,嘉彰,37.6,37.6,0.27,204001,5353036582,LISTED
4943,康控-KY,11.8,12.4,4.42,30884,1494993401,LISTED
4949,有成精密,43.95,45.1,-1.24,888921,2952033651,LISTED
4952,凌通,40.85,40.6,0.74,498346,4445133433,LISTED
4956,光鋐,24.25,24.25,0.0,3028773,2434894000,LISTED
4958,臻鼎-KY,178.0,180.0,-1.11,9339323,185155422000,LISTED
4960,誠美材,13.35,13.4,-1.11,2327393,7552394095,LISTED
4961,天鈺,143.0,147.0,-2.72,706100,17339265229,LISTED
4967,十銓,199.5,199.0,-0.75,4789093,16950175956,LISTED
4968,立積,118.5,120.5,-1.66,522479,10926885000,LISTED
4976,佳凌,30.2,30.85,-2.11,658567,4238630507,LISTED
4977,眾達-KY,125.5,125.5,-9.71,8201049,9884987671,LISTED
4989,榮科,50.2,48.7,9.97,8131733,6916380405,LISTED
4994,傳奇,102.0,101.5,0.49,34200,6771106800,LISTED
4999,鑫禾,23.2,23.1,0.0,39003,1707919096,LISTED
5007,三星,59.2,59.5,0.51,69010,17460448225,LISTED
5203,訊連,76.2,76.2,0.53,272002,6033744358,LISTED
5215,科嘉-KY,37.9,37.4,1.34,68053,2438410298,LISTED
5222,全訊,133.5,130.5,2.69,636037,12141420228,LISTED
5225,東科-KY,98.0,97.5,0.51,203000,7653182600,LISTED
5234,達興材料,388.5,381.0,1.97,2073568,39905166000,LISTED
5243,乙盛-KY,82.5,82.7,-0.12,1998098,13903642500,LISTED
5244,弘凱,36.85,37.2,-1.34,246044,2514713910,LISTED
5258,虹堡,51.1,53.7,-6.75,1378526,5599481316,LISTED
5269,祥碩,1270.0,1295.0,-2.31,496600,94966790000,LISTED
5283,禾聯碩,59.2,59.3,-0.17,59001,5185950258,LISTED
5284,jpp-KY,254.0,257.0,-0.59,320100,13359384000,LISTED
5285,界霖,51.1,51.2,-0.58,202029,5214294944,LISTED
5288,豐祥-KY,151.0,150.0,1.68,190039,10532099000,LISTED
5292,華懋,182.0,185.0,-1.09,148050,7663656000,LISTED
5306,桂盟,95.0,92.1,3.83,295125,11970073435,LISTED
5388,中磊,82.2,82.1,-0.24,3164285,24605664886,LISTED
5434,崇越,321.0,318.5,0.94,799799,61421103000,LISTED
5469,瀚宇博,95.1,96.4,0.63,3640150,45772770465,LISTED
5471,松翰,38.8,38.4,1.44,1377530,6513627471,LISTED
5484,慧友,37.8,37.35,-1.31,164001,2525077749,LISTED
5515,建國,32.65,33.05,-1.36,267208,6582243082,LISTED
5519,隆大,30.85,30.5,1.15,362119,6762233703,LISTED
5521,工信,20.5,20.0,2.24,5544540,10194367858,LISTED
5522,遠雄,67.7,67.7,1.04,882146,52914046814,LISTED
5525,順天,26.1,25.95,0.0,128000,8038653383,LISTED
5531,鄉林,9.01,9.03,0.11,413101,8808079330,LISTED
5533,皇鼎,14.3,14.15,1.06,114000,4079003554,LISTED
5534,長虹,76.8,77.4,-0.78,752115,22636456605,LISTED
5538,東明-KY,31.3,30.7,1.95,51008,6297653746,LISTED
5546,永固-KY,22.35,22.5,0.68,35000,1840598566,LISTED
5607,遠雄港,49.0,48.9,0.2,440050,18157092737,LISTED
5608,四維航,17.75,17.85,0.0,1498935,6909560250,LISTED
5706,鳳凰,50.5,50.8,-0.79,462486,4288005500,LISTED
5871,中租-KY,107.0,106.0,1.42,7132312,183122064334,LISTED
5876,上海商銀,40.15,40.6,-0.86,9581424,194735783921,LISTED
5880,合庫金,23.9,23.95,0.0,23300258,374774386238,LISTED
5906,台南-KY,52.0,51.8,0.39,5000,1858584000,LISTED
5907,大洋-KY,5.9,5.88,-0.34,338000,1132021218,LISTED
6005,群益證,29.3,29.0,1.74,8415922,63607602743,LISTED
6024,群益期,52.3,52.1,-0.95,556200,13071735452,LISTED
6108,競國,14.35,14.35,1.77,167003,2216988958,LISTED
6112,邁達特,43.8,44.75,-1.02,334100,8250036456,LISTED
6115,鎰勝,47.25,47.2,0.11,94027,8867029500,LISTED
6116,彩晶,8.49,8.28,3.79,26064311,24269980295,LISTED
6117,迎廣,74.5,75.7,-0.93,287001,6945446515,LISTED
6120,達運,12.6,12.4,2.02,1972079,6792655682,LISTED
6128,上福,25.1,23.55,6.13,317640,3202477422,LISTED
6133,金橋,22.9,23.05,-2.55,2085167,2679446515,LISTED
6136,富爾特,24.1,24.3,0.0,145402,2784427284,LISTED
6139,亞翔,519.0,516.0,-0.95,2450414,121242033000,LISTED
6141,柏承,10.7,10.9,0.47,211900,1212887778,LISTED
6142,友勁,9.58,9.6,-0.42,416418,3168872374,LISTED
6152,百一,15.2,14.8,2.36,3896810,2549624620,LISTED
6153,嘉聯益,15.7,15.95,-0.32,1776121,9987989690,LISTED
6155,鈞寶,45.4,45.1,0.33,926115,3996286647,LISTED
6164,華興,12.05,12.2,-0.41,265508,964000015,LISTED
6165,浪凡,43.9,43.3,2.09,228341,3274308963,LISTED
6166,凌華,62.1,61.1,4.02,347010,13518734967,LISTED
6168,宏齊,20.1,20.2,0.25,544000,4135956978,LISTED
6176,瑞儀,126.5,125.0,0.8,2918230,58297052396,LISTED
6177,達麗,48.4,48.0,1.15,1113218,22838895920,LISTED
6183,關貿,95.2,94.7,0.11,45002,14279999542,LISTED
6184,大豐電,47.8,47.6,-0.21,70015,7275572397,LISTED
6189,豐藝,46.35,46.85,-0.75,1282403,12226202597,LISTED
6191,精成科,104.0,106.0,-0.95,2753005,51927512000,LISTED
6192,巨路,122.0,122.0,-0.41,518003,11731032000,LISTED
6196,帆宣,263.0,265.5,-0.75,1438450,57333556319,LISTED
6197,佳必琪,143.5,145.5,-1.37,726745,17519326650,LISTED
6201,亞弘電,54.0,54.0,0.0,25000,0,LISTED
6202,盛群,56.5,55.4,5.21,29405086,0,LISTED
6205,詮欣,48.6,48.75,-0.92,203100,0,LISTED
6206,飛捷,93.2,92.8,0.65,353084,0,LISTED
6209,今國光,58.3,58.8,-0.51,2060902,0,LISTED
6213,聯茂,121.0,120.0,2.11,19786166,0,LISTED
6214,精誠,111.5,112.0,-0.45,584604,0,LISTED
6215,和椿,112.5,111.5,0.9,829327,0,LISTED
6216,居易,27.1,27.05,0.18,136050,0,LISTED
6224,聚鼎,41.3,40.75,1.85,141203,0,LISTED
6225,天瀚,17.15,18.5,-7.55,26262,0,LISTED
6226,光鼎,8.79,8.7,-0.45,252062,0,LISTED
6230,尼得科超眾,119.5,121.0,-0.42,76120,0,LISTED
6235,華孚,58.0,59.0,-1.19,415557,0,LISTED
6239,力成,243.0,236.5,1.25,5635109,0,LISTED
6243,迅杰,33.5,33.75,0.0,80508,0,LISTED
6257,矽格,127.5,125.5,0.79,5550248,0,LISTED
6269,台郡,60.9,61.6,-0.81,1914202,0,LISTED
6271,同欣電,153.0,157.5,-2.55,5618861,0,LISTED
6277,宏正,60.0,59.5,0.84,117001,0,LISTED
6278,台表科,97.4,97.7,0.0,1273896,0,LISTED
6281,全國電,60.5,60.5,0.0,73146,0,LISTED
6282,康舒,48.0,47.2,1.48,13430603,0,LISTED
6283,淳安,21.85,22.3,-0.68,190002,0,LISTED
6285,啟碁,172.0,173.5,-0.29,21656390,0,LISTED
6405,悅城,30.95,30.45,1.64,539055,0,LISTED
6409,旭隼,903.0,904.0,1.35,616549,0,LISTED
6412,群電,89.8,91.4,-1.43,1456003,0,LISTED
6414,樺漢,280.0,280.0,0.72,477160,0,LISTED
6415,矽力*-KY,280.0,267.0,5.07,11055023,0,LISTED
6416,瑞祺電通,80.8,80.8,-0.62,242015,0,LISTED
6426,統新,154.5,149.0,9.57,2567415,0,LISTED
6431,光麗-KY,26.6,28.0,1.92,392001,0,LISTED
6438,迅得,147.0,149.0,-1.01,415758,0,LISTED
6442,光聖,1950.0,1930.0,-1.76,924289,0,LISTED
6443,元晶,37.1,37.7,-1.59,39415767,0,LISTED
6446,藥華藥,725.0,733.0,-0.41,1091487,0,LISTED
6449,鈺邦,159.5,157.5,1.27,311181,0,LISTED
6451,訊芯-KY,166.0,177.5,-6.48,3193234,0,LISTED
6456,GIS-KY,43.0,43.65,-1.6,1716112,0,LISTED
6464,台數科,78.0,78.0,0.0,46660,0,LISTED
6472,保瑞,490.0,501.0,-9.76,4107775,0,LISTED
6477,安集,33.25,33.7,0.0,785229,0,LISTED
6491,晶碩,284.5,286.5,-2.23,488166,0,LISTED
6504,南六,41.85,42.3,-1.76,103200,0,LISTED
6505,台塑化,49.75,49.5,1.53,5342500,0,LISTED
6515,穎崴,5005.0,4865.0,2.25,369387,0,LISTED
6525,捷敏-KY,79.6,79.6,0.13,85600,0,LISTED
6526,達發,455.5,447.5,1.9,336692,0,LISTED
6531,愛普*,396.0,410.0,-3.41,1671946,0,LISTED
6533,晶心科,223.0,224.5,-2.41,392525,0,LISTED
6541,泰福-KY,48.1,49.0,-1.84,876715,0,LISTED
6550,北極星藥業-KY,29.9,29.9,2.22,896752,0,LISTED
6552,易華電,29.15,30.2,-3.16,391239,0,LISTED
6558,興能高,33.2,33.75,-2.06,637071,0,LISTED
6573,虹揚-KY,14.6,14.05,0.34,156000,0,LISTED
6579,研揚,113.5,114.5,0.0,74020,0,LISTED
6581,鋼聯,109.0,108.5,0.46,17000,0,LISTED
6582,申豐,32.3,31.8,1.41,35000,0,LISTED
6585,鼎基,87.3,88.2,-1.69,55002,0,LISTED
6591,動力-KY,65.0,65.1,-1.52,226031,0,LISTED
6592,和潤企業,60.3,61.0,-0.66,1909255,0,LISTED
6598,ABC-KY,24.05,24.15,0.0,343433,0,LISTED
6605,帝寶,145.0,145.5,-1.02,394009,0,LISTED
6606,建德工業,25.35,25.15,1.2,116157,0,LISTED
6625,必應,81.4,82.3,-2.4,498161,0,LISTED
6641,基士德-KY,21.1,20.9,0.48,77000,0,LISTED
6655,科定,128.5,122.5,5.76,55001,0,LISTED
6657,華安,47.0,45.2,3.87,382720,0,LISTED
6658,聯策,54.6,54.8,-0.36,147947,0,LISTED
6666,羅麗芬-KY,43.45,44.05,-0.69,17000,0,LISTED
6668,中揚光,36.3,37.5,-3.2,417000,0,LISTED
6669,緯穎,3740.0,3720.0,1.49,910738,0,LISTED
6670,復盛應用,265.5,266.5,0.19,464025,0,LISTED
6671,三能-KY,36.6,36.75,-0.41,50000,0,LISTED
6672,騰輝電子-KY,94.6,95.8,-1.87,1595268,0,LISTED
6674,鋐寶科技,20.0,20.1,0.25,28030,0,LISTED
6689,伊雲谷,59.0,61.0,-2.16,300100,0,LISTED
6691,洋基工程,599.0,602.0,0.5,433847,0,LISTED
6695,芯鼎,42.1,42.75,-1.52,288668,0,LISTED
6698,旭暉應材,32.8,32.75,0.15,95002,0,LISTED
6706,惠特,109.0,114.0,-4.8,3104149,0,LISTED
6715,嘉基,143.5,144.0,-0.35,435133,0,LISTED
6719,力智,184.0,186.0,-0.54,305178,0,LISTED
6742,澤米,45.2,42.25,5.24,1303321,0,LISTED
6743,安普新,26.75,26.85,-0.19,92001,0,LISTED
6753,龍德造船,145.0,141.0,3.57,2807398,0,LISTED
6754,匯僑設計,41.1,41.1,0.0,71300,0,LISTED
6756,威鋒電子,78.9,79.2,-0.13,154020,0,LISTED
6768,志強-KY,100.5,100.0,0.0,237050,0,LISTED
6770,力積電,63.1,63.0,-1.87,213248835,0,LISTED
6776,展碁國際,58.9,58.5,0.68,474642,0,LISTED
6781,AES-KY,1135.0,1135.0,0.44,456891,0,LISTED
6782,視陽,173.0,174.0,-0.57,142095,0,LISTED
6789,采鈺,297.0,304.5,-1.16,2420713,0,LISTED
6790,永豐實,38.2,37.5,1.87,264035,0,LISTED
6792,詠業,57.7,56.2,1.23,99000,0,LISTED
6796,晉弘,85.0,86.0,-2.3,156000,0,LISTED
6799,來頡,82.2,82.0,-0.36,150001,0,LISTED
6805,富世達,1545.0,1585.0,-2.22,1128228,0,LISTED
6806,森崴能源,43.8,44.05,-3.1,1111026,0,LISTED
6807,峰源-KY,45.55,45.55,0.0,16000,0,LISTED
6830,汎銓,218.5,222.5,-1.58,3808655,0,LISTED
6834,天二科技,30.15,30.15,-1.95,211000,0,LISTED
6835,圓裕,40.05,39.5,1.39,312000,0,LISTED
6861,睿生光電,78.4,75.9,9.96,2576828,0,LISTED
6863,永道-KY,112.5,110.5,1.81,172374,0,LISTED
6901,鑽石投資,16.05,16.15,-0.31,513062,0,LISTED
6906,現觀科,72.5,69.9,3.57,283498,0,LISTED
6914,阜爾運通,141.0,143.0,-2.76,116450,0,LISTED
6916,華凌,17.9,17.95,-1.1,152000,0,LISTED
6928,攸泰科技,50.6,50.5,3.05,228958,0,LISTED
6933,AMAX-KY,133.5,132.0,-1.48,84025,0,LISTED
6937,天虹,220.0,222.0,-1.57,299004,0,LISTED
8011,台通,20.5,20.25,1.74,967104,0,LISTED
8016,矽創,190.0,190.5,0.0,538016,0,LISTED
8021,尖點,203.0,200.5,3.84,13886324,0,LISTED
8028,昇陽半導體,167.0,168.0,-0.6,2400395,0,LISTED
8033,雷虎,148.0,141.0,6.09,7340552,0,LISTED
8039,台虹,80.9,84.0,-2.41,4473601,0,LISTED
8046,南電,416.0,411.5,1.59,20473316,0,LISTED
8070,長華*,42.9,43.1,-0.23,2636276,0,LISTED
8072,陞泰,29.9,30.2,-1.48,196132,0,LISTED
8081,致新,241.0,231.5,5.24,1507260,0,LISTED
8101,華冠,15.3,15.3,0.0,4003,0,LISTED
8103,瀚荃,109.5,98.0,9.83,6243042,0,LISTED
8104,錸寶,34.3,34.15,-0.58,806069,0,LISTED
8105,凌巨,12.0,12.0,0.0,1396326,0,LISTED
8110,華東,61.3,58.5,4.79,40252473,0,LISTED
8112,至上,72.3,70.1,1.69,9425275,0,LISTED
8114,振樺電,173.0,171.5,0.87,327082,0,LISTED
8131,福懋科,69.3,67.0,5.96,13799047,0,LISTED
8150,南茂,53.4,53.4,0.75,14757490,0,LISTED
8163,達方,30.1,30.7,-1.31,1202638,0,LISTED
8201,無敵,13.95,14.0,0.0,69033,0,LISTED
8210,勤誠,975.0,980.0,-0.81,2337640,0,LISTED
8213,志超,36.3,36.0,3.71,1464553,0,LISTED
8215,明基材,20.7,20.6,1.97,799602,0,LISTED
8222,寶一,39.55,39.3,0.13,442002,0,LISTED
8249,菱光,62.2,60.4,2.3,4488532,0,LISTED
8261,富鼎,89.6,90.2,-0.67,1160146,0,LISTED
8271,宇瞻,118.0,115.0,0.85,5952923,0,LISTED
8341,日友,76.9,76.1,2.4,320500,0,LISTED
8367,建新國際,43.1,42.95,0.47,68000,0,LISTED
8374,羅昇,84.6,86.2,-1.05,206200,0,LISTED
8404,百和興業-KY,23.6,23.45,0.0,295068,0,LISTED
8411,福貞-KY,12.5,12.1,2.46,156936,0,LISTED
8422,可寧衛,32.8,32.35,2.02,27140163,0,LISTED
8429,金麗-KY,7.41,7.39,-0.13,184603,0,LISTED
8438,昶昕,56.1,55.8,-1.41,803006,0,LISTED
8442,威宏-KY,67.8,68.6,-1.31,47000,0,LISTED
8443,阿瘦,11.6,11.55,0.43,14055,0,LISTED
8454,富邦媒,190.0,189.5,1.06,488048,0,LISTED
8462,柏文,142.0,144.0,0.35,101000,0,LISTED
8463,潤泰材,27.05,27.1,0.74,139256,0,LISTED
8464,億豐,400.0,423.0,-5.44,2558285,0,LISTED
8466,美吉吉-KY,22.35,21.95,1.13,32000,0,LISTED
8467,波力-KY,170.5,171.0,-0.29,40000,0,LISTED
8473,山林水,36.15,36.55,-2.3,741058,0,LISTED
8476,台境,18.35,18.6,-1.34,612207,0,LISTED
8478,東哥遊艇,169.5,177.0,-6.87,775105,0,LISTED
8481,政伸,42.2,41.8,1.08,26001,0,LISTED
8482,商億-KY,50.1,48.6,4.27,40000,0,LISTED
8488,吉源-KY,10.0,9.93,0.7,13000,0,LISTED
8499,鼎炫-KY,277.0,276.5,-2.81,131035,0,LISTED
8926,台汽電,45.5,46.85,4.48,5647429,0,LISTED
8940,新天地,20.0,20.3,0.0,51005,0,LISTED
8996,高力,906.0,925.0,-2.69,5291316,0,LISTED
9802,鈺齊-KY,92.4,93.0,-1.7,1405032,0,LISTED
9902,台火,16.9,17.05,1.81,211938,0,LISTED
9904,寶成,30.85,31.0,-0.16,7116705,0,LISTED
9905,大華,20.25,20.25,0.0,272050,0,LISTED
9906,欣巴巴,44.4,44.55,-1.33,340254,0,LISTED
9907,統一實,18.3,18.15,3.1,4766057,0,LISTED
9908,大台北,29.9,30.0,-0.17,303469,0,LISTED
9910,豐泰,92.3,91.1,-0.22,2993525,0,LISTED
9911,櫻花,85.5,85.2,0.35,683266,0,LISTED
9912,偉聯,12.0,11.9,0.0,31148,0,LISTED
9914,美利達,82.1,81.0,-0.48,1904292,0,LISTED
9917,中保科,105.5,106.0,-0.47,611104,0,LISTED
9918,欣天然,40.0,39.75,0.63,34028,0,LISTED
9919,康那香,16.8,16.75,0.6,410962,0,LISTED
9921,巨大,87.6,86.9,0.81,1483460,0,LISTED
9924,福興,47.6,47.8,-0.42,97783,0,LISTED
9925,新保,41.05,41.15,-0.24,229448,0,LISTED
9926,新海,49.75,49.45,0.61,43000,0,LISTED
9927,泰銘,69.6,69.3,0.72,102424,0,LISTED
9928,中視,18.15,18.1,-0.82,34000,0,LISTED
9929,秋雨,10.45,10.45,-1.42,10061,0,LISTED
9930,中聯資源,70.1,69.3,1.45,114289,0,LISTED
9931,欣高,34.2,34.1,0.29,23000,0,LISTED
9933,中鼎,31.0,31.0,0.16,3148320,0,LISTED
9934,成霖,9.96,10.0,0.0,424008,0,LISTED
9935,慶豐富,19.5,19.45,1.3,248003,0,LISTED
9937,全國,57.2,56.9,-0.17,55001,0,LISTED
9938,百和,52.2,52.0,0.77,1424228,0,LISTED
9939,宏全,120.5,119.5,1.26,677756,0,LISTED
9940,信義,22.1,22.0,1.38,399001,0,LISTED
9941,裕融,76.4,76.7,-0.39,1515888,0,LISTED
9942,茂順,118.0,123.0,-2.07,286233,0,LISTED
9943,好樂迪,59.6,59.4,0.0,44017,0,LISTED
9944,新麗,16.85,16.75,0.6,53000,0,LISTED
9945,潤泰新,29.15,29.2,0.17,4357816,0,LISTED
9946,三發地產,16.65,16.45,1.83,318277,0,LISTED
9955,佳龍,32.55,32.9,-2.54,937367,0,LISTED
9958,世紀鋼,126.0,128.0,-0.79,1182542,0,LISTED
